date,symbol,rank,median_volume_usd,history_days,price_source
2016-01-01,BTC,1,2.89545e+07,365,coinmetrics
2016-02-01,BTC,1,3.10225e+07,396,coinmetrics
2016-03-01,BTC,1,3.26045e+07,425,coinmetrics
2016-03-01,ETH,2,1.19945e+06,206,coinmetrics
2016-04-01,BTC,1,3.71755e+07,456,coinmetrics
2016-04-01,ETH,2,8.5361e+06,237,coinmetrics
2016-05-01,BTC,1,4.01165e+07,486,coinmetrics
2016-05-01,ETH,2,1.54175e+07,267,coinmetrics
2016-06-01,BTC,1,4.46505e+07,517,coinmetrics
2016-06-01,ETH,2,1.9617e+07,298,coinmetrics
2016-07-01,BTC,1,5.1209e+07,547,coinmetrics
2016-07-01,ETH,2,1.75145e+07,328,coinmetrics
2016-08-01,BTC,1,7.42845e+07,578,coinmetrics
2016-08-01,ETH,2,2.01595e+07,359,coinmetrics
2016-09-01,BTC,1,7.45015e+07,609,coinmetrics
2016-09-01,ETH,2,1.3724e+07,390,coinmetrics
2016-10-01,BTC,1,5.41635e+07,639,coinmetrics
2016-10-01,ETH,2,9.3937e+06,420,coinmetrics
2016-11-01,BTC,1,3.7921e+07,670,coinmetrics
2016-11-01,ETH,2,6.55335e+06,451,coinmetrics
2016-11-01,XMR,3,3.1665e+06,670,coinmetrics
2016-11-01,ETC,4,2.23225e+06,99,coinmetrics
2016-12-01,BTC,1,4.21155e+07,700,coinmetrics
2016-12-01,ETH,2,6.25365e+06,481,coinmetrics
2016-12-01,XMR,3,3.77645e+06,700,coinmetrics
2016-12-01,XRP,4,1.21835e+06,700,coinmetrics
2016-12-01,ETC,5,1.028e+06,129,coinmetrics
2017-01-01,BTC,1,4.6722e+07,731,coinmetrics
2017-01-01,ETH,2,6.6517e+06,512,coinmetrics
2017-01-01,XMR,3,2.563e+06,731,coinmetrics
2017-01-01,XRP,4,1.00312e+06,731,coinmetrics
2017-02-01,BTC,1,6.3141e+07,762,coinmetrics
2017-02-01,ETH,2,6.8931e+06,543,coinmetrics
2017-02-01,XMR,3,3.45985e+06,762,coinmetrics
2017-03-01,BTC,1,8.7324e+07,790,coinmetrics
2017-03-01,ETH,2,8.62825e+06,571,coinmetrics
2017-03-01,XMR,3,3.03655e+06,790,coinmetrics
2017-03-01,ETC,4,1.1488e+06,219,coinmetrics
2017-03-01,XRP,5,1.01105e+06,790,coinmetrics
2017-04-01,BTC,1,1.39905e+08,821,coinmetrics
2017-04-01,ETH,2,1.46455e+07,602,coinmetrics
2017-04-01,XMR,3,4.22425e+06,821,coinmetrics
2017-04-01,XRP,4,2.22665e+06,821,coinmetrics
2017-04-01,DASH,5,1.60815e+06,821,coinmetrics
2017-04-01,ETC,6,1.38395e+06,250,coinmetrics
2017-05-01,BTC,1,1.70665e+08,851,coinmetrics
2017-05-01,ETH,2,4.41205e+07,632,coinmetrics
2017-05-01,DASH,3,7.4336e+06,851,coinmetrics
2017-05-01,XMR,4,5.8629e+06,851,coinmetrics
2017-05-01,XRP,5,5.3864e+06,851,coinmetrics
2017-05-01,ETC,6,3.9879e+06,280,coinmetrics
2017-05-01,ZEC,7,2.47875e+06,184,coinmetrics
2017-05-01,LTC,8,1.80165e+06,851,coinmetrics
2017-06-01,BTC,1,3.27755e+08,882,coinmetrics
2017-06-01,ETH,2,1.06895e+08,663,coinmetrics
2017-06-01,LTC,3,3.551e+07,882,coinmetrics
2017-06-01,XRP,4,2.547e+07,882,coinmetrics
2017-06-01,DASH,5,1.3035e+07,882,coinmetrics
2017-06-01,ETC,6,1.227e+07,311,coinmetrics
2017-06-01,XMR,7,9.40095e+06,882,coinmetrics
2017-06-01,ZEC,8,4.95265e+06,215,coinmetrics
2017-06-01,GNT,9,2.25995e+06,102,coinmetrics
2017-06-01,XEM,10,1.6309e+06,792,coinmetrics
2017-06-01,REP,11,1.562e+06,240,coinmetrics
2017-06-01,XLM,12,1.31945e+06,610,coinmetrics
2017-06-01,MAID,13,1.2851e+06,882,coinmetrics
2017-06-01,DCR,14,1.07355e+06,380,coinmetrics
2017-07-01,BTC,1,6.45915e+08,912,coinmetrics
2017-07-01,ETH,2,2.3213e+08,693,coinmetrics
2017-07-01,XRP,3,9.20565e+07,912,coinmetrics
2017-07-01,LTC,4,6.41875e+07,912,coinmetrics
2017-07-01,ETC,5,3.14085e+07,341,coinmetrics
2017-07-01,DASH,6,1.2283e+07,912,coinmetrics
2017-07-01,XMR,7,1.03275e+07,912,coinmetrics
2017-07-01,XLM,8,1.02586e+07,640,coinmetrics
2017-07-01,ZEC,9,9.71575e+06,245,coinmetrics
2017-07-01,XEM,10,6.0125e+06,822,coinmetrics
2017-07-01,DGB,11,5.3065e+06,872,coinmetrics
2017-07-01,GNT,12,5.156e+06,132,coinmetrics
2017-07-01,DOGE,13,3.489e+06,912,coinmetrics
2017-07-01,REP,14,2.96145e+06,270,coinmetrics
2017-07-01,MAID,15,1.74885e+06,912,coinmetrics
2017-07-01,DCR,16,1.4408e+06,410,coinmetrics
2017-08-01,BTC,1,7.29485e+08,943,coinmetrics
2017-08-01,ETH,2,3.70005e+08,724,coinmetrics
2017-08-01,XRP,3,1.0562e+08,943,coinmetrics
2017-08-01,LTC,4,8.8153e+07,943,coinmetrics
2017-08-01,ETC,5,3.8267e+07,372,coinmetrics
2017-08-01,DASH,6,1.6388e+07,943,coinmetrics
2017-08-01,XLM,7,1.2793e+07,671,coinmetrics
2017-08-01,ZEC,8,1.2162e+07,276,coinmetrics
2017-08-01,XMR,9,1.1782e+07,943,coinmetrics
2017-08-01,DGB,10,7.20565e+06,903,coinmetrics
2017-08-01,XEM,11,5.24125e+06,853,coinmetrics
2017-08-01,GNT,12,4.9919e+06,163,coinmetrics
2017-08-01,DOGE,13,3.6692e+06,943,coinmetrics
2017-08-01,REP,14,2.8988e+06,301,coinmetrics
2017-08-01,MAID,15,1.8465e+06,943,coinmetrics
2017-08-01,DCR,16,1.2539e+06,441,coinmetrics
2017-09-01,BTC,1,7.8219e+08,974,coinmetrics
2017-09-01,ETH,2,4.39195e+08,755,coinmetrics
2017-09-01,LTC,3,9.1267e+07,974,coinmetrics
2017-09-01,XRP,4,8.4787e+07,974,coinmetrics
2017-09-01,ETC,5,3.34375e+07,403,coinmetrics
2017-09-01,DASH,6,2.3694e+07,974,coinmetrics
2017-09-01,ZEC,7,1.3951e+07,307,coinmetrics
2017-09-01,XMR,8,1.1696e+07,974,coinmetrics
2017-09-01,XLM,9,7.9239e+06,702,coinmetrics
2017-09-01,DGB,10,5.75485e+06,934,coinmetrics
2017-09-01,XEM,11,5.004e+06,884,coinmetrics
2017-09-01,GNT,12,2.5552e+06,194,coinmetrics
2017-09-01,REP,13,2.43565e+06,332,coinmetrics
2017-09-01,DOGE,14,2.2094e+06,974,coinmetrics
2017-09-01,MAID,15,2.07285e+06,974,coinmetrics
2017-10-01,BTC,1,7.8315e+08,1004,coinmetrics
2017-10-01,ETH,2,4.03335e+08,785,coinmetrics
2017-10-01,LTC,3,1.3442e+08,1004,coinmetrics
2017-10-01,XRP,4,7.77945e+07,1004,coinmetrics
2017-10-01,ETC,5,3.1763e+07,433,coinmetrics
2017-10-01,DASH,6,2.93415e+07,1004,coinmetrics
2017-10-01,XMR,7,1.79525e+07,1004,coinmetrics
2017-10-01,ZEC,8,1.45965e+07,337,coinmetrics
2017-10-01,XLM,9,5.08955e+06,732,coinmetrics
2017-10-01,DGB,10,3.8118e+06,964,coinmetrics
2017-10-01,XEM,11,3.59855e+06,914,coinmetrics
2017-10-01,DOGE,12,2.0782e+06,1004,coinmetrics
2017-10-01,REP,13,1.62315e+06,362,coinmetrics
2017-10-01,GNT,14,1.6044e+06,224,coinmetrics
2017-10-01,MAID,15,1.5875e+06,1004,coinmetrics
2017-11-01,BTC,1,9.87825e+08,1035,coinmetrics
2017-11-01,ETH,2,3.59955e+08,816,coinmetrics
2017-11-01,BCH,3,1.6601e+08,92,coinmetrics
2017-11-01,LTC,4,1.0743e+08,1035,coinmetrics
2017-11-01,XRP,5,1.0364e+08,1035,coinmetrics
2017-11-01,DASH,6,3.16835e+07,1035,coinmetrics
2017-11-01,XMR,7,3.13885e+07,1035,coinmetrics
2017-11-01,ETC,8,2.35155e+07,464,coinmetrics
2017-11-01,ZEC,9,2.21705e+07,368,coinmetrics
2017-11-01,OMG,10,2.00445e+07,109,coinmetrics
2017-11-01,NEO,11,1.9513e+07,109,coinmetrics
2017-11-01,XLM,12,5.70195e+06,763,coinmetrics
2017-11-01,BNB,13,5.656e+06,109,coinmetrics
2017-11-01,XEM,14,3.3663e+06,945,coinmetrics
2017-11-01,DGB,15,2.3401e+06,995,coinmetrics
2017-11-01,DOGE,16,1.79425e+06,1035,coinmetrics
2017-11-01,QTUM,17,1.7463e+06,96,coinmetrics
2017-11-01,MAID,18,1.6325e+06,1035,coinmetrics
2017-12-01,BTC,1,1.3471e+09,1065,coinmetrics
2017-12-01,ETH,2,3.94985e+08,846,coinmetrics
2017-12-01,BCH,3,2.3729e+08,122,coinmetrics
2017-12-01,LTC,4,1.573e+08,1065,coinmetrics
2017-12-01,XRP,5,1.2668e+08,1065,coinmetrics
2017-12-01,ETC,6,3.9462e+07,494,coinmetrics
2017-12-01,XMR,7,3.8566e+07,1065,coinmetrics
2017-12-01,DASH,8,3.78395e+07,1065,coinmetrics
2017-12-01,ZEC,9,3.31455e+07,398,coinmetrics
2017-12-01,NEO,10,2.2227e+07,139,coinmetrics
2017-12-01,OMG,11,1.78895e+07,139,coinmetrics
2017-12-01,WTC,12,1.03295e+07,95,coinmetrics
2017-12-01,XLM,13,7.5127e+06,793,coinmetrics
2017-12-01,QTUM,14,6.7389e+06,126,coinmetrics
2017-12-01,BNB,15,5.656e+06,139,coinmetrics
2017-12-01,XEM,16,3.2323e+06,975,coinmetrics
2017-12-01,DOGE,17,1.94695e+06,1065,coinmetrics
2017-12-01,MAID,18,1.47325e+06,1065,coinmetrics
2017-12-01,DGB,19,1.33135e+06,1025,coinmetrics
2017-12-01,ZRX,20,1.30415e+06,112,coinmetrics
2018-01-01,BTC,1,2.71515e+09,1096,coinmetrics
2018-01-01,ETH,2,6.2676e+08,877,coinmetrics
2018-01-01,BCH,3,5.45785e+08,153,coinmetrics
2018-01-01,XRP,4,2.5821e+08,1096,coinmetrics
2018-01-01,LTC,5,2.20645e+08,1096,coinmetrics
2018-01-01,ETC,6,1.0974e+08,525,coinmetrics
2018-01-01,DASH,7,8.72985e+07,1096,coinmetrics
2018-01-01,XMR,8,6.38155e+07,1096,coinmetrics
2018-01-01,ZEC,9,5.4808e+07,429,coinmetrics
2018-01-01,QTUM,10,5.36365e+07,157,coinmetrics
2018-01-01,NEO,11,4.22785e+07,170,coinmetrics
2018-01-01,XLM,12,2.5597e+07,824,coinmetrics
2018-01-01,OMG,13,2.02495e+07,170,coinmetrics
2018-01-01,WTC,14,1.1568e+07,126,coinmetrics
2018-01-01,BNB,15,1.08885e+07,170,coinmetrics
2018-01-01,XEM,16,4.96525e+06,1006,coinmetrics
2018-01-01,LINK,17,4.72585e+06,94,coinmetrics
2018-01-01,VTC,18,2.7512e+06,1096,coinmetrics
2018-01-01,DOGE,19,2.514e+06,1096,coinmetrics
2018-01-01,KNC,20,2.0265e+06,96,coinmetrics
2018-02-01,BTC,1,5.25915e+09,1127,coinmetrics
2018-02-01,ETH,2,1.39495e+09,908,coinmetrics
2018-02-01,XRP,3,1.21125e+09,1127,coinmetrics
2018-02-01,BCH,4,5.73925e+08,184,coinmetrics
2018-02-01,LTC,5,3.03185e+08,1127,coinmetrics
2018-02-01,ETC,6,2.00715e+08,556,coinmetrics
2018-02-01,XMR,7,1.2486e+08,1127,coinmetrics
2018-02-01,QTUM,8,1.23485e+08,188,coinmetrics
2018-02-01,DASH,9,1.17755e+08,1127,coinmetrics
2018-02-01,NEO,10,1.03675e+08,201,coinmetrics
2018-02-01,BTG,11,9.67325e+07,99,coinmetrics
2018-02-01,ZEC,12,8.7571e+07,460,coinmetrics
2018-02-01,XLM,13,6.9245e+07,855,coinmetrics
2018-02-01,BNB,14,4.3162e+07,201,coinmetrics
2018-02-01,OMG,15,3.44715e+07,201,coinmetrics
2018-02-01,POWR,16,1.56455e+07,91,coinmetrics
2018-02-01,WTC,17,1.48325e+07,157,coinmetrics
2018-02-01,XEM,18,1.4408e+07,1037,coinmetrics
2018-02-01,XVG,19,1.3899e+07,124,coinmetrics
2018-02-01,SNT,20,1.04005e+07,227,coinmetrics
2018-03-01,BTC,1,5.1493e+09,1155,coinmetrics
2018-03-01,XRP,2,1.5128e+09,1155,coinmetrics
2018-03-01,ETH,3,1.5104e+09,936,coinmetrics
2018-03-01,LTC,4,4.5872e+08,1155,coinmetrics
2018-03-01,BCH,5,3.7995e+08,212,coinmetrics
2018-03-01,ETC,6,2.01735e+08,584,coinmetrics
2018-03-01,QTUM,7,1.30345e+08,216,coinmetrics
2018-03-01,NEO,8,1.1665e+08,229,coinmetrics
2018-03-01,XMR,9,1.13655e+08,1155,coinmetrics
2018-03-01,DASH,10,1.02295e+08,1155,coinmetrics
2018-03-01,BTG,11,8.3445e+07,127,coinmetrics
2018-03-01,XLM,12,7.42105e+07,883,coinmetrics
2018-03-01,ZEC,13,7.2732e+07,488,coinmetrics
2018-03-01,BNB,14,6.69015e+07,229,coinmetrics
2018-03-01,ICX,15,5.34115e+07,159,coinmetrics
2018-03-01,OMG,16,3.65905e+07,229,coinmetrics
2018-03-01,XVG,17,2.16595e+07,152,coinmetrics
2018-03-01,WTC,18,1.5777e+07,185,coinmetrics
2018-03-01,XEM,19,1.4408e+07,1065,coinmetrics
2018-03-01,ZRX,20,1.15535e+07,202,coinmetrics
2018-04-01,BTC,1,3.4882e+09,1186,coinmetrics
2018-04-01,ETH,2,1.10605e+09,967,coinmetrics
2018-04-01,XRP,3,9.09045e+08,1186,coinmetrics
2018-04-01,LTC,4,2.64855e+08,1186,coinmetrics
2018-04-01,BCH,5,1.49335e+08,243,coinmetrics
2018-04-01,ETC,6,1.4763e+08,615,coinmetrics
2018-04-01,NEO,7,1.12195e+08,260,coinmetrics
2018-04-01,BNB,8,8.57245e+07,260,coinmetrics
2018-04-01,QTUM,9,8.1707e+07,247,coinmetrics
2018-04-01,XMR,10,6.77275e+07,1186,coinmetrics
2018-04-01,ICX,11,5.70825e+07,190,coinmetrics
2018-04-01,DASH,12,4.77205e+07,1186,coinmetrics
2018-04-01,XLM,13,4.752e+07,914,coinmetrics
2018-04-01,ZEC,14,3.64165e+07,519,coinmetrics
2018-04-01,ADA,15,3.40195e+07,121,coinmetrics
2018-04-01,BTG,16,3.0832e+07,158,coinmetrics
2018-04-01,OMG,17,2.1867e+07,260,coinmetrics
2018-04-01,XVG,18,1.55295e+07,183,coinmetrics
2018-04-01,WTC,19,1.30495e+07,216,coinmetrics
2018-04-01,ZRX,20,1.00588e+07,233,coinmetrics
2018-05-01,BTC,1,2.99025e+09,1216,coinmetrics
2018-05-01,ETH,2,7.7308e+08,997,coinmetrics
2018-05-01,XRP,3,4.8889e+08,1216,coinmetrics
2018-05-01,LTC,4,1.9277e+08,1216,coinmetrics
2018-05-01,BCH,5,1.11825e+08,273,coinmetrics
2018-05-01,NEO,6,9.163e+07,290,coinmetrics
2018-05-01,BNB,7,7.9445e+07,290,coinmetrics
2018-05-01,ETC,8,6.8792e+07,645,coinmetrics
2018-05-01,XMR,9,5.6809e+07,1216,coinmetrics
2018-05-01,ICX,10,4.4808e+07,220,coinmetrics
2018-05-01,QTUM,11,3.8052e+07,277,coinmetrics
2018-05-01,DASH,12,3.71355e+07,1216,coinmetrics
2018-05-01,ADA,13,3.2649e+07,151,coinmetrics
2018-05-01,XLM,14,3.06045e+07,944,coinmetrics
2018-05-01,ZEC,15,2.0883e+07,549,coinmetrics
2018-05-01,OMG,16,1.83445e+07,290,coinmetrics
2018-05-01,XVG,17,1.6456e+07,213,coinmetrics
2018-05-01,BTG,18,1.59265e+07,188,coinmetrics
2018-05-01,ELF,19,7.3265e+06,130,coinmetrics
2018-05-01,AION,20,7.19845e+06,130,coinmetrics
2018-06-01,BTC,1,2.5799e+09,1247,coinmetrics
2018-06-01,ETH,2,7.2656e+08,1028,coinmetrics
2018-06-01,XRP,3,3.67705e+08,1247,coinmetrics
2018-06-01,LTC,4,1.29895e+08,1247,coinmetrics
2018-06-01,BCH,5,1.15685e+08,304,coinmetrics
2018-06-01,BNB,6,8.24105e+07,321,coinmetrics
2018-06-01,NEO,7,6.7247e+07,321,coinmetrics
2018-06-01,XMR,8,4.36335e+07,1247,coinmetrics
2018-06-01,ETC,9,4.36235e+07,676,coinmetrics
2018-06-01,ADA,10,3.845e+07,182,coinmetrics
2018-06-01,ICX,11,3.62395e+07,251,coinmetrics
2018-06-01,DASH,12,3.418e+07,1247,coinmetrics
2018-06-01,XLM,13,2.88565e+07,975,coinmetrics
2018-06-01,QTUM,14,2.64375e+07,308,coinmetrics
2018-06-01,XVG,15,2.5621e+07,244,coinmetrics
2018-06-01,ZEC,16,1.91765e+07,580,coinmetrics
2018-06-01,OMG,17,1.49955e+07,321,coinmetrics
2018-06-01,ELF,18,1.47635e+07,161,coinmetrics
2018-06-01,BTG,19,1.2335e+07,219,coinmetrics
2018-06-01,ZIL,20,1.1595e+07,125,coinmetrics
2018-07-01,BTC,1,2.02875e+09,1277,coinmetrics
2018-07-01,ETH,2,6.31325e+08,1058,coinmetrics
2018-07-01,XRP,3,2.72705e+08,1277,coinmetrics
2018-07-01,BCH,4,1.1656e+08,334,coinmetrics
2018-07-01,LTC,5,9.03505e+07,1277,coinmetrics
2018-07-01,BNB,6,7.9652e+07,351,coinmetrics
2018-07-01,ADA,7,4.4505e+07,212,coinmetrics
2018-07-01,NEO,8,4.25965e+07,351,coinmetrics
2018-07-01,ETC,9,3.8406e+07,706,coinmetrics
2018-07-01,XMR,10,3.4219e+07,1277,coinmetrics
2018-07-01,ICX,11,3.34485e+07,281,coinmetrics
2018-07-01,XLM,12,2.8149e+07,1005,coinmetrics
2018-07-01,DASH,13,2.77925e+07,1277,coinmetrics
2018-07-01,ZIL,14,2.0186e+07,155,coinmetrics
2018-07-01,QTUM,15,1.74795e+07,338,coinmetrics
2018-07-01,ELF,16,1.6926e+07,191,coinmetrics
2018-07-01,ZEC,17,1.6257e+07,610,coinmetrics
2018-07-01,XVG,18,1.3284e+07,274,coinmetrics
2018-07-01,OMG,19,1.125e+07,351,coinmetrics
2018-07-01,BTG,20,9.3146e+06,249,coinmetrics
2018-08-01,BTC,1,1.67885e+09,1308,coinmetrics
2018-08-01,ETH,2,4.967e+08,1089,coinmetrics
2018-08-01,XRP,3,2.00975e+08,1308,coinmetrics
2018-08-01,BCH,4,8.904e+07,365,coinmetrics
2018-08-01,LTC,5,6.86415e+07,1308,coinmetrics
2018-08-01,BNB,6,6.2913e+07,382,coinmetrics
2018-08-01,ETC,7,4.7369e+07,737,coinmetrics
2018-08-01,ADA,8,4.6458e+07,243,coinmetrics
2018-08-01,NEO,9,3.59295e+07,382,coinmetrics
2018-08-01,XMR,10,2.8636e+07,1308,coinmetrics
2018-08-01,ICX,11,2.84325e+07,312,coinmetrics
2018-08-01,XLM,12,2.59015e+07,1036,coinmetrics
2018-08-01,ZIL,13,2.2055e+07,186,coinmetrics
2018-08-01,DASH,14,2.07625e+07,1308,coinmetrics
2018-08-01,ZEC,15,1.6118e+07,641,coinmetrics
2018-08-01,ZRX,16,1.3472e+07,355,coinmetrics
2018-08-01,QTUM,17,9.5634e+06,369,coinmetrics
2018-08-01,ELF,18,8.8617e+06,222,coinmetrics
2018-08-01,BTG,19,8.71015e+06,280,coinmetrics
2018-08-01,OMG,20,8.12715e+06,382,coinmetrics
2018-09-01,BTC,1,1.4759e+09,1339,coinmetrics
2018-09-01,ETH,2,3.99635e+08,1120,coinmetrics
2018-09-01,XRP,3,1.7179e+08,1339,coinmetrics
2018-09-01,BCH,4,6.4818e+07,396,coinmetrics
2018-09-01,ETC,5,6.4136e+07,768,coinmetrics
2018-09-01,LTC,6,5.95715e+07,1339,coinmetrics
2018-09-01,BNB,7,4.5086e+07,413,coinmetrics
2018-09-01,ADA,8,3.536e+07,274,coinmetrics
2018-09-01,NEO,9,3.3971e+07,413,coinmetrics
2018-09-01,XLM,10,2.8335e+07,1067,coinmetrics
2018-09-01,XMR,11,2.6065e+07,1339,coinmetrics
2018-09-01,ICX,12,2.51975e+07,343,coinmetrics
2018-09-01,DASH,13,1.62305e+07,1339,coinmetrics
2018-09-01,ZIL,14,1.2875e+07,217,coinmetrics
2018-09-01,ZEC,15,1.27465e+07,672,coinmetrics
2018-09-01,ZRX,16,1.04455e+07,386,coinmetrics
2018-09-01,QTUM,17,6.96765e+06,400,coinmetrics
2018-09-01,BTG,18,6.73875e+06,311,coinmetrics
2018-09-01,NAS,19,4.9934e+06,249,coinmetrics
2018-09-01,OMG,20,4.92095e+06,413,coinmetrics
2018-10-01,BTC,1,1.51495e+09,1369,coinmetrics
2018-10-01,ETH,2,4.09695e+08,1150,coinmetrics
2018-10-01,EOS,3,2.1456e+08,114,coinmetrics
2018-10-01,XRP,4,1.7179e+08,1369,coinmetrics
2018-10-01,BCH,5,6.21445e+07,426,coinmetrics
2018-10-01,LTC,6,5.95715e+07,1369,coinmetrics
2018-10-01,ETC,7,5.69935e+07,798,coinmetrics
2018-10-01,TRX,8,3.93715e+07,98,coinmetrics
2018-10-01,NEO,9,3.88505e+07,443,coinmetrics
2018-10-01,ADA,10,3.46325e+07,304,coinmetrics
2018-10-01,XLM,11,3.4096e+07,1097,coinmetrics
2018-10-01,BNB,12,2.74995e+07,443,coinmetrics
2018-10-01,XMR,13,2.6212e+07,1369,coinmetrics
2018-10-01,ONT,14,2.4975e+07,115,binance
2018-10-01,ICX,15,1.8516e+07,373,coinmetrics
2018-10-01,DASH,16,1.78175e+07,1369,coinmetrics
2018-10-01,ZEC,17,1.51405e+07,702,coinmetrics
2018-10-01,ZRX,18,9.18735e+06,416,coinmetrics
2018-10-01,ZIL,19,8.183e+06,247,coinmetrics
2018-10-01,QTUM,20,6.7535e+06,430,coinmetrics
2018-11-01,BTC,1,1.41895e+09,1400,coinmetrics
2018-11-01,ETH,2,3.6681e+08,1181,coinmetrics
2018-11-01,XRP,3,1.82235e+08,1400,coinmetrics
2018-11-01,EOS,4,1.72755e+08,145,coinmetrics
2018-11-01,BCH,5,6.8767e+07,457,coinmetrics
2018-11-01,LTC,6,6.56055e+07,1400,coinmetrics
2018-11-01,ETC,7,6.36735e+07,829,coinmetrics
2018-11-01,TRX,8,3.2991e+07,129,coinmetrics
2018-11-01,NEO,9,3.06365e+07,474,coinmetrics
2018-11-01,XMR,10,2.97375e+07,1400,coinmetrics
2018-11-01,XLM,11,2.66985e+07,1128,coinmetrics
2018-11-01,ADA,12,2.57605e+07,335,coinmetrics
2018-11-01,ZEC,13,2.3839e+07,733,coinmetrics
2018-11-01,BNB,14,2.35655e+07,474,coinmetrics
2018-11-01,ONT,15,1.73525e+07,146,binance
2018-11-01,DASH,16,1.63665e+07,1400,coinmetrics
2018-11-01,VET,17,1.52865e+07,110,coinmetrics
2018-11-01,ICX,18,1.30345e+07,404,coinmetrics
2018-11-01,ZRX,19,7.62415e+06,447,coinmetrics
2018-11-01,QTUM,20,7.30505e+06,461,coinmetrics
2018-12-01,BTC,1,1.36965e+09,1430,coinmetrics
2018-12-01,ETH,2,3.3203e+08,1211,coinmetrics
2018-12-01,XRP,3,2.8813e+08,1430,coinmetrics
2018-12-01,EOS,4,1.58805e+08,175,coinmetrics
2018-12-01,XMR,5,1.2195e+08,1430,coinmetrics
2018-12-01,BCH,6,8.0356e+07,487,coinmetrics
2018-12-01,LTC,7,7.25205e+07,1430,coinmetrics
2018-12-01,ZEC,8,6.9717e+07,763,coinmetrics
2018-12-01,ETC,9,5.14315e+07,859,coinmetrics
2018-12-01,TRX,10,2.74605e+07,159,coinmetrics
2018-12-01,XLM,11,2.69555e+07,1158,coinmetrics
2018-12-01,BNB,12,2.10325e+07,504,coinmetrics
2018-12-01,NEO,13,2.10005e+07,504,coinmetrics
2018-12-01,ADA,14,1.9192e+07,365,coinmetrics
2018-12-01,DASH,15,1.77215e+07,1430,coinmetrics
2018-12-01,ONT,16,1.1367e+07,176,binance
2018-12-01,ICX,17,9.4357e+06,434,coinmetrics
2018-12-01,VET,18,8.40965e+06,140,coinmetrics
2018-12-01,OMG,19,7.9862e+06,504,coinmetrics
2018-12-01,ZRX,20,7.5426e+06,477,coinmetrics
2019-01-01,BTC,1,1.2107e+09,1461,coinmetrics
2019-01-01,XMR,2,2.86505e+08,1461,coinmetrics
2019-01-01,XRP,3,2.68505e+08,1461,coinmetrics
2019-01-01,ETH,4,2.6832e+08,1242,coinmetrics
2019-01-01,EOS,5,1.39255e+08,206,coinmetrics
2019-01-01,BTG,6,1.3581e+08,433,coinmetrics
2019-01-01,ZEC,7,1.06115e+08,794,coinmetrics
2019-01-01,DASH,8,9.9828e+07,1461,coinmetrics
2019-01-01,BCH,9,8.0356e+07,518,coinmetrics
2019-01-01,LTC,10,6.12625e+07,1461,coinmetrics
2019-01-01,ETC,11,2.6929e+07,890,coinmetrics
2019-01-01,TRX,12,2.2653e+07,190,coinmetrics
2019-01-01,XLM,13,2.2216e+07,1189,coinmetrics
2019-01-01,BNB,14,1.99875e+07,535,coinmetrics
2019-01-01,NEO,15,1.44365e+07,535,coinmetrics
2019-01-01,ADA,16,1.3934e+07,396,coinmetrics
2019-01-01,OMG,17,1.24685e+07,535,coinmetrics
2019-01-01,ZRX,18,6.7041e+06,508,coinmetrics
2019-01-01,ONT,19,6.40415e+06,207,binance
2019-01-01,QTUM,20,6.11385e+06,522,coinmetrics
2019-02-01,BTC,1,1.0425e+09,1492,coinmetrics
2019-02-01,XMR,2,3.4634e+08,1492,coinmetrics
2019-02-01,DASH,3,3.2203e+08,1492,coinmetrics
2019-02-01,ETH,4,2.9183e+08,1273,coinmetrics
2019-02-01,BTG,5,2.4388e+08,464,coinmetrics
2019-02-01,XRP,6,1.88015e+08,1492,coinmetrics
2019-02-01,ZEC,7,1.16215e+08,825,coinmetrics
2019-02-01,EOS,8,1.0331e+08,237,coinmetrics
2019-02-01,OMG,9,5.8691e+07,566,coinmetrics
2019-02-01,LTC,10,5.0961e+07,1492,coinmetrics
2019-02-01,BCH,11,4.57465e+07,549,coinmetrics
2019-02-01,TRX,12,3.53045e+07,221,coinmetrics
2019-02-01,XLM,13,2.32375e+07,1220,coinmetrics
2019-02-01,BNB,14,2.0375e+07,566,coinmetrics
2019-02-01,ETC,15,1.52045e+07,921,coinmetrics
2019-02-01,ADA,16,1.32435e+07,427,coinmetrics
2019-02-01,NEO,17,1.2698e+07,566,coinmetrics
2019-02-01,ONT,18,6.07895e+06,238,binance
2019-02-01,LINK,19,4.06645e+06,490,coinmetrics
2019-02-01,ZRX,20,3.9735e+06,539,coinmetrics
2019-03-01,BTC,1,9.1585e+08,1520,coinmetrics
2019-03-01,DASH,2,3.863e+08,1520,coinmetrics
2019-03-01,ETH,3,2.61435e+08,1301,coinmetrics
2019-03-01,BTG,4,2.1972e+08,492,coinmetrics
2019-03-01,XMR,5,1.4905e+08,1520,coinmetrics
2019-03-01,XRP,6,1.38095e+08,1520,coinmetrics
2019-03-01,EOS,7,9.47265e+07,265,coinmetrics
2019-03-01,ZEC,8,8.27e+07,853,coinmetrics
2019-03-01,LTC,9,5.5703e+07,1520,coinmetrics
2019-03-01,TRX,10,3.89665e+07,249,coinmetrics
2019-03-01,BCH,11,3.4218e+07,577,coinmetrics
2019-03-01,BNB,12,3.1721e+07,594,coinmetrics
2019-03-01,BSV,13,2.112e+07,106,coinmetrics
2019-03-01,XLM,14,2.03065e+07,1248,coinmetrics
2019-03-01,NEO,15,1.4033e+07,594,coinmetrics
2019-03-01,ETC,16,1.23035e+07,949,coinmetrics
2019-03-01,ADA,17,1.21245e+07,455,coinmetrics
2019-03-01,OMG,18,8.12715e+06,594,coinmetrics
2019-03-01,ONT,19,5.9687e+06,266,binance
2019-03-01,QTUM,20,4.60265e+06,581,coinmetrics
2019-04-01,BTC,1,9.8531e+08,1551,coinmetrics
2019-04-01,DASH,2,5.42815e+08,1551,coinmetrics
2019-04-01,ETH,3,3.1118e+08,1332,coinmetrics
2019-04-01,XMR,4,1.4783e+08,1551,coinmetrics
2019-04-01,XRP,5,1.37065e+08,1551,coinmetrics
2019-04-01,LTC,6,1.19e+08,1551,coinmetrics
2019-04-01,EOS,7,1.09445e+08,296,coinmetrics
2019-04-01,BNB,8,7.153e+07,625,coinmetrics
2019-04-01,BTG,9,6.723e+07,523,coinmetrics
2019-04-01,ZEC,10,5.3028e+07,884,coinmetrics
2019-04-01,TRX,11,5.22885e+07,280,coinmetrics
2019-04-01,BCH,12,3.1755e+07,608,coinmetrics
2019-04-01,XLM,13,2.281e+07,1279,coinmetrics
2019-04-01,NEO,14,1.7908e+07,625,coinmetrics
2019-04-01,ETC,15,1.6886e+07,980,coinmetrics
2019-04-01,BSV,16,1.58485e+07,137,coinmetrics
2019-04-01,ADA,17,1.34865e+07,486,coinmetrics
2019-04-01,OMG,18,1.2626e+07,625,coinmetrics
2019-04-01,ONT,19,1.00876e+07,297,binance
2019-04-01,QTUM,20,6.87635e+06,612,coinmetrics
2019-05-01,BTC,1,1.3733e+09,1581,coinmetrics
2019-05-01,DASH,2,5.01765e+08,1581,coinmetrics
2019-05-01,ETH,3,4.6705e+08,1362,coinmetrics
2019-05-01,EOS,4,3.0248e+08,326,coinmetrics
2019-05-01,XRP,5,2.21915e+08,1581,coinmetrics
2019-05-01,LTC,6,2.0316e+08,1581,coinmetrics
2019-05-01,XMR,7,1.8282e+08,1581,coinmetrics
2019-05-01,BNB,8,9.941e+07,655,coinmetrics
2019-05-01,TRX,9,6.167e+07,310,coinmetrics
2019-05-01,BCH,10,5.9229e+07,638,coinmetrics
2019-05-01,ZEC,11,3.74395e+07,914,coinmetrics
2019-05-01,ADA,12,3.53385e+07,516,coinmetrics
2019-05-01,XLM,13,3.46285e+07,1309,coinmetrics
2019-05-01,ETC,14,2.80035e+07,1010,coinmetrics
2019-05-01,ONT,15,2.59275e+07,327,binance
2019-05-01,NEO,16,2.5733e+07,655,coinmetrics
2019-05-01,QTUM,17,2.47115e+07,642,coinmetrics
2019-05-01,AE,18,2.43675e+07,606,coinmetrics
2019-05-01,BSV,19,2.35515e+07,167,coinmetrics
2019-05-01,OMG,20,2.3422e+07,655,coinmetrics
2019-06-01,BTC,1,2.10525e+09,1612,coinmetrics
2019-06-01,ETH,2,7.133e+08,1393,coinmetrics
2019-06-01,EOS,3,5.04735e+08,357,coinmetrics
2019-06-01,DASH,4,3.97025e+08,1612,coinmetrics
2019-06-01,XRP,5,3.16945e+08,1612,coinmetrics
2019-06-01,LTC,6,2.81745e+08,1612,coinmetrics
2019-06-01,XMR,7,2.4735e+08,1612,coinmetrics
2019-06-01,BCH,8,1.93405e+08,669,coinmetrics
2019-06-01,BNB,9,1.1702e+08,686,coinmetrics
2019-06-01,TRX,10,1.0727e+08,341,coinmetrics
2019-06-01,ADA,11,7.94275e+07,547,coinmetrics
2019-06-01,ETC,12,5.36235e+07,1041,coinmetrics
2019-06-01,QTUM,13,4.385e+07,673,coinmetrics
2019-06-01,XLM,14,4.3756e+07,1340,coinmetrics
2019-06-01,NEO,15,4.3149e+07,686,coinmetrics
2019-06-01,AE,16,3.7325e+07,637,coinmetrics
2019-06-01,ZEC,17,3.52205e+07,945,coinmetrics
2019-06-01,ONT,18,3.2589e+07,358,binance
2019-06-01,BTT,19,2.8045e+07,121,binance
2019-06-01,BSV,20,2.73375e+07,198,coinmetrics
2019-07-01,BTC,1,3.35195e+09,1642,coinmetrics
2019-07-01,ETH,2,1.0999e+09,1423,coinmetrics
2019-07-01,EOS,3,6.49645e+08,387,coinmetrics
2019-07-01,XRP,4,5.78875e+08,1642,coinmetrics
2019-07-01,LTC,5,4.50695e+08,1642,coinmetrics
2019-07-01,DASH,6,3.64935e+08,1642,coinmetrics
2019-07-01,BCH,7,2.55465e+08,699,coinmetrics
2019-07-01,XMR,8,2.5039e+08,1642,coinmetrics
2019-07-01,BNB,9,1.95655e+08,716,coinmetrics
2019-07-01,TRX,10,1.44915e+08,371,coinmetrics
2019-07-01,ADA,11,1.21625e+08,577,coinmetrics
2019-07-01,ETC,12,7.36275e+07,1071,coinmetrics
2019-07-01,XLM,13,6.7748e+07,1370,coinmetrics
2019-07-01,BSV,14,5.60275e+07,228,coinmetrics
2019-07-01,HT,15,5.32365e+07,117,coinmetrics
2019-07-01,QTUM,16,5.25595e+07,703,coinmetrics
2019-07-01,NEO,17,4.9012e+07,716,coinmetrics
2019-07-01,ZEC,18,4.7349e+07,975,coinmetrics
2019-07-01,BTT,19,4.2555e+07,151,binance
2019-07-01,AE,20,3.80555e+07,667,coinmetrics
2019-08-01,BTC,1,4.27795e+09,1673,coinmetrics
2019-08-01,ETH,2,1.207e+09,1454,coinmetrics
2019-08-01,EOS,3,6.27655e+08,418,coinmetrics
2019-08-01,XRP,4,5.65775e+08,1673,coinmetrics
2019-08-01,LTC,5,4.8275e+08,1673,coinmetrics
2019-08-01,DASH,6,3.8317e+08,1673,coinmetrics
2019-08-01,XMR,7,2.5758e+08,1673,coinmetrics
2019-08-01,BCH,8,2.48675e+08,730,coinmetrics
2019-08-01,BNB,9,2.13345e+08,747,coinmetrics
2019-08-01,TRX,10,1.49895e+08,402,coinmetrics
2019-08-01,ADA,11,1.11405e+08,608,coinmetrics
2019-08-01,ETC,12,7.6165e+07,1102,coinmetrics
2019-08-01,XLM,13,7.20365e+07,1401,coinmetrics
2019-08-01,BSV,14,5.50405e+07,259,coinmetrics
2019-08-01,QTUM,15,5.33945e+07,734,coinmetrics
2019-08-01,NEO,16,5.08705e+07,747,coinmetrics
2019-08-01,ZEC,17,4.9925e+07,1006,coinmetrics
2019-08-01,HT,18,4.95945e+07,148,coinmetrics
2019-08-01,LINK,19,3.67625e+07,671,coinmetrics
2019-08-01,AE,20,3.5739e+07,698,coinmetrics
2019-09-01,BTC,1,3.7205e+09,1704,coinmetrics
2019-09-01,ETH,2,8.3125e+08,1485,coinmetrics
2019-09-01,EOS,3,4.6856e+08,449,coinmetrics
2019-09-01,XRP,4,4.01355e+08,1704,coinmetrics
2019-09-01,LTC,5,3.9386e+08,1704,coinmetrics
2019-09-01,DASH,6,3.4669e+08,1704,coinmetrics
2019-09-01,BCH,7,1.7781e+08,761,coinmetrics
2019-09-01,XMR,8,1.6128e+08,1704,coinmetrics
2019-09-01,BNB,9,1.49485e+08,778,coinmetrics
2019-09-01,TRX,10,1.24785e+08,433,coinmetrics
2019-09-01,ADA,11,7.9739e+07,639,coinmetrics
2019-09-01,ETC,12,7.47725e+07,1133,coinmetrics
2019-09-01,XLM,13,5.7131e+07,1432,coinmetrics
2019-09-01,BSV,14,4.6481e+07,290,coinmetrics
2019-09-01,LINK,15,4.13435e+07,702,coinmetrics
2019-09-01,ZEC,16,4.1063e+07,1037,coinmetrics
2019-09-01,HT,17,3.9326e+07,179,coinmetrics
2019-09-01,NEO,18,3.82685e+07,778,coinmetrics
2019-09-01,QTUM,19,3.3189e+07,765,coinmetrics
2019-09-01,XEM,20,2.4516e+07,1614,coinmetrics
2019-10-01,BTC,1,3.0187e+09,1734,coinmetrics
2019-10-01,ETH,2,5.6999e+08,1515,coinmetrics
2019-10-01,XRP,3,2.7438e+08,1734,coinmetrics
2019-10-01,EOS,4,2.71315e+08,479,coinmetrics
2019-10-01,LTC,5,2.3354e+08,1734,coinmetrics
2019-10-01,BCH,6,1.4024e+08,791,coinmetrics
2019-10-01,DASH,7,1.1146e+08,1734,coinmetrics
2019-10-01,BNB,8,8.68535e+07,808,coinmetrics
2019-10-01,XMR,9,6.44135e+07,1734,coinmetrics
2019-10-01,ETC,10,6.4373e+07,1163,coinmetrics
2019-10-01,TRX,11,6.12355e+07,463,coinmetrics
2019-10-01,ADA,12,3.7446e+07,669,coinmetrics
2019-10-01,LINK,13,3.18655e+07,732,coinmetrics
2019-10-01,BSV,14,2.96725e+07,320,coinmetrics
2019-10-01,HT,15,2.87495e+07,209,coinmetrics
2019-10-01,XEM,16,2.49395e+07,1644,coinmetrics
2019-10-01,XLM,17,1.91955e+07,1462,coinmetrics
2019-10-01,NEO,18,1.9084e+07,808,coinmetrics
2019-10-01,AE,19,1.87245e+07,759,coinmetrics
2019-10-01,ZEC,20,1.65805e+07,1067,coinmetrics
2019-11-01,BTC,1,2.4475e+09,1765,coinmetrics
2019-11-01,ETH,2,4.96785e+08,1546,coinmetrics
2019-11-01,XRP,3,2.7624e+08,1765,coinmetrics
2019-11-01,EOS,4,2.11605e+08,510,coinmetrics
2019-11-01,LTC,5,1.56845e+08,1765,coinmetrics
2019-11-01,BCH,6,1.18325e+08,822,coinmetrics
2019-11-01,BNB,7,6.47305e+07,839,coinmetrics
2019-11-01,TRX,8,4.82115e+07,494,coinmetrics
2019-11-01,ETC,9,4.69005e+07,1194,coinmetrics
2019-11-01,LINK,10,3.13415e+07,763,coinmetrics
2019-11-01,DASH,11,2.7647e+07,1765,coinmetrics
2019-11-01,ADA,12,2.52235e+07,700,coinmetrics
2019-11-01,BSV,13,2.43665e+07,351,coinmetrics
2019-11-01,HT,14,2.4116e+07,240,coinmetrics
2019-11-01,XEM,15,2.3898e+07,1675,coinmetrics
2019-11-01,AE,16,2.30635e+07,790,coinmetrics
2019-11-01,XMR,17,1.74275e+07,1765,coinmetrics
2019-11-01,OMG,18,1.28835e+07,839,coinmetrics
2019-11-01,NEO,19,1.17415e+07,839,coinmetrics
2019-11-01,XLM,20,1.10905e+07,1493,coinmetrics
2019-12-01,BTC,1,2.1756e+09,1795,coinmetrics
2019-12-01,ETH,2,4.3873e+08,1576,coinmetrics
2019-12-01,XRP,3,2.79855e+08,1795,coinmetrics
2019-12-01,EOS,4,2.26325e+08,540,coinmetrics
2019-12-01,LTC,5,1.21475e+08,1795,coinmetrics
2019-12-01,BCH,6,1.1433e+08,852,coinmetrics
2019-12-01,BNB,7,5.5331e+07,869,coinmetrics
2019-12-01,TRX,8,5.3608e+07,524,coinmetrics
2019-12-01,ETC,9,3.4592e+07,1224,coinmetrics
2019-12-01,BSV,10,2.9995e+07,381,coinmetrics
2019-12-01,LINK,11,2.8229e+07,793,coinmetrics
2019-12-01,AE,12,2.70355e+07,820,coinmetrics
2019-12-01,XEM,13,2.37615e+07,1705,coinmetrics
2019-12-01,HT,14,2.2885e+07,270,coinmetrics
2019-12-01,ADA,15,2.131e+07,730,coinmetrics
2019-12-01,XMR,16,1.775e+07,1795,coinmetrics
2019-12-01,OMG,17,1.77125e+07,869,coinmetrics
2019-12-01,XLM,18,1.66245e+07,1523,coinmetrics
2019-12-01,NEO,19,1.31545e+07,869,coinmetrics
2019-12-01,SNT,20,1.03885e+07,895,coinmetrics
2020-01-01,BTC,1,1.9791e+09,1826,coinmetrics
2020-01-01,ETH,2,3.43495e+08,1607,coinmetrics
2020-01-01,XRP,3,2.58465e+08,1826,coinmetrics
2020-01-01,EOS,4,1.67895e+08,571,coinmetrics
2020-01-01,BCH,5,1.0171e+08,883,coinmetrics
2020-01-01,LTC,6,9.2809e+07,1826,coinmetrics
2020-01-01,TRX,7,5.3312e+07,555,coinmetrics
2020-01-01,BNB,8,4.8811e+07,900,coinmetrics
2020-01-01,BSV,9,3.5568e+07,412,coinmetrics
2020-01-01,ETC,10,2.8417e+07,1255,coinmetrics
2020-01-01,LINK,11,2.7376e+07,824,coinmetrics
2020-01-01,XEM,12,2.0473e+07,1736,coinmetrics
2020-01-01,AE,13,1.95265e+07,851,coinmetrics
2020-01-01,HT,14,1.94345e+07,301,coinmetrics
2020-01-01,NEO,15,1.928e+07,900,coinmetrics
2020-01-01,XMR,16,1.897e+07,1826,coinmetrics
2020-01-01,OMG,17,1.8345e+07,900,coinmetrics
2020-01-01,ADA,18,1.80745e+07,761,coinmetrics
2020-01-01,VET,19,1.20865e+07,536,coinmetrics
2020-01-01,XLM,20,1.2032e+07,1554,coinmetrics
2020-02-01,BTC,1,2.17145e+09,1857,coinmetrics
2020-02-01,ETH,2,3.40695e+08,1638,coinmetrics
2020-02-01,XRP,3,2.3767e+08,1857,coinmetrics
2020-02-01,EOS,4,1.90755e+08,602,coinmetrics
2020-02-01,BCH,5,1.4579e+08,914,coinmetrics
2020-02-01,LTC,6,9.88015e+07,1857,coinmetrics
2020-02-01,TRX,7,5.72245e+07,586,coinmetrics
2020-02-01,BSV,8,4.9048e+07,443,coinmetrics
2020-02-01,ETC,9,4.37675e+07,1286,coinmetrics
2020-02-01,BNB,10,4.3096e+07,931,coinmetrics
2020-02-01,NEO,11,3.0607e+07,931,coinmetrics
2020-02-01,LINK,12,2.27755e+07,855,coinmetrics
2020-02-01,XMR,13,2.07925e+07,1857,coinmetrics
2020-02-01,OMG,14,1.98385e+07,931,coinmetrics
2020-02-01,XEM,15,1.9312e+07,1767,coinmetrics
2020-02-01,ADA,16,1.8764e+07,792,coinmetrics
2020-02-01,HT,17,1.8388e+07,332,coinmetrics
2020-02-01,VET,18,1.29545e+07,567,coinmetrics
2020-02-01,XLM,19,1.2793e+07,1585,coinmetrics
2020-02-01,MATIC,20,1.2136e+07,280,coinmetrics
2020-03-01,BTC,1,2.54465e+09,1886,coinmetrics
2020-03-01,ETH,2,4.16985e+08,1667,coinmetrics
2020-03-01,XRP,3,2.71415e+08,1886,coinmetrics
2020-03-01,BCH,4,2.68085e+08,943,coinmetrics
2020-03-01,EOS,5,2.6363e+08,631,coinmetrics
2020-03-01,BSV,6,2.2797e+08,472,coinmetrics
2020-03-01,ETC,7,1.8395e+08,1315,coinmetrics
2020-03-01,LTC,8,1.58885e+08,1886,coinmetrics
2020-03-01,TRX,9,7.6089e+07,615,coinmetrics
2020-03-01,DASH,10,5.48895e+07,1886,coinmetrics
2020-03-01,NEO,11,5.42095e+07,960,coinmetrics
2020-03-01,BNB,12,4.4472e+07,960,coinmetrics
2020-03-01,LINK,13,2.7083e+07,884,coinmetrics
2020-03-01,ZEC,14,2.5791e+07,1219,coinmetrics
2020-03-01,ADA,15,2.50585e+07,821,coinmetrics
2020-03-01,XMR,16,2.4253e+07,1886,coinmetrics
2020-03-01,OMG,17,2.24785e+07,960,coinmetrics
2020-03-01,HT,18,2.1443e+07,361,coinmetrics
2020-03-01,XEM,19,1.9482e+07,1796,coinmetrics
2020-03-01,XTZ,20,1.8701e+07,610,coinmetrics
2020-04-01,BTC,1,3.78955e+09,1917,coinmetrics
2020-04-01,ETH,2,1.02795e+09,1698,coinmetrics
2020-04-01,EOS,3,4.07605e+08,662,coinmetrics
2020-04-01,BCH,4,3.7908e+08,974,coinmetrics
2020-04-01,XRP,5,3.39955e+08,1917,coinmetrics
2020-04-01,ETC,6,3.00335e+08,1346,coinmetrics
2020-04-01,BSV,7,2.9475e+08,503,coinmetrics
2020-04-01,LTC,8,2.5624e+08,1917,coinmetrics
2020-04-01,TRX,9,8.9256e+07,646,coinmetrics
2020-04-01,BNB,10,8.2787e+07,991,coinmetrics
2020-04-01,LINK,11,6.8361e+07,915,coinmetrics
2020-04-01,XTZ,12,6.2986e+07,641,coinmetrics
2020-04-01,DASH,13,6.22105e+07,1917,coinmetrics
2020-04-01,NEO,14,5.66885e+07,991,coinmetrics
2020-04-01,ZEC,15,4.18745e+07,1250,coinmetrics
2020-04-01,ADA,16,3.60095e+07,852,coinmetrics
2020-04-01,HT,17,3.46385e+07,392,coinmetrics
2020-04-01,XMR,18,2.68505e+07,1917,coinmetrics
2020-04-01,QTUM,19,2.5319e+07,978,coinmetrics
2020-04-01,OMG,20,2.33725e+07,991,coinmetrics
2020-05-01,BTC,1,4.00315e+09,1947,coinmetrics
2020-05-01,ETH,2,1.23735e+09,1728,coinmetrics
2020-05-01,EOS,3,3.86075e+08,692,coinmetrics
2020-05-01,BCH,4,3.40935e+08,1004,coinmetrics
2020-05-01,XRP,5,2.684e+08,1947,coinmetrics
2020-05-01,BSV,6,2.4892e+08,533,coinmetrics
2020-05-01,LTC,7,2.44025e+08,1947,coinmetrics
2020-05-01,ETC,8,2.1934e+08,1376,coinmetrics
2020-05-01,LINK,9,1.0439e+08,945,coinmetrics
2020-05-01,BNB,10,9.3327e+07,1021,coinmetrics
2020-05-01,TRX,11,8.17515e+07,676,coinmetrics
2020-05-01,XTZ,12,8.1304e+07,671,coinmetrics
2020-05-01,DASH,13,5.95985e+07,1947,coinmetrics
2020-05-01,NEO,14,5.2519e+07,1021,coinmetrics
2020-05-01,ZEC,15,4.3099e+07,1280,coinmetrics
2020-05-01,HT,16,3.6588e+07,422,coinmetrics
2020-05-01,ADA,17,3.3875e+07,882,coinmetrics
2020-05-01,QTUM,18,2.63285e+07,1008,coinmetrics
2020-05-01,XMR,19,2.5782e+07,1947,coinmetrics
2020-05-01,XLM,20,2.23965e+07,1675,coinmetrics
2020-06-01,BTC,1,4.09525e+09,1978,coinmetrics
2020-06-01,ETH,2,1.07805e+09,1759,coinmetrics
2020-06-01,EOS,3,2.3074e+08,723,coinmetrics
2020-06-01,BCH,4,2.16485e+08,1035,coinmetrics
2020-06-01,XRP,5,2.08865e+08,1978,coinmetrics
2020-06-01,ETC,6,1.5748e+08,1407,coinmetrics
2020-06-01,LTC,7,1.51795e+08,1978,coinmetrics
2020-06-01,BSV,8,1.51715e+08,564,coinmetrics
2020-06-01,LINK,9,8.47545e+07,976,coinmetrics
2020-06-01,BNB,10,8.1116e+07,1052,coinmetrics
2020-06-01,TRX,11,6.72635e+07,707,coinmetrics
2020-06-01,XTZ,12,6.6521e+07,702,coinmetrics
2020-06-01,DOGE,13,6.1365e+07,1978,coinmetrics
2020-06-01,DASH,14,3.8144e+07,1978,coinmetrics
2020-06-01,ZEC,15,3.37465e+07,1311,coinmetrics
2020-06-01,ADA,16,3.1006e+07,913,coinmetrics
2020-06-01,NEO,17,3.07265e+07,1052,coinmetrics
2020-06-01,MCO,18,2.76855e+07,195,binance
2020-06-01,KNC,19,2.5822e+07,978,coinmetrics
2020-06-01,XMR,20,2.39885e+07,1978,coinmetrics
2020-07-01,BTC,1,3.56495e+09,2008,coinmetrics
2020-07-01,ETH,2,8.73945e+08,1789,coinmetrics
2020-07-01,EOS,3,1.64765e+08,753,coinmetrics
2020-07-01,BCH,4,1.5257e+08,1065,coinmetrics
2020-07-01,XRP,5,1.5209e+08,2008,coinmetrics
2020-07-01,ETC,6,1.29275e+08,1437,coinmetrics
2020-07-01,LTC,7,1.1063e+08,2008,coinmetrics
2020-07-01,BSV,8,1.08545e+08,594,coinmetrics
2020-07-01,BNB,9,7.1332e+07,1082,coinmetrics
2020-07-01,LINK,10,6.3178e+07,1006,coinmetrics
2020-07-01,TRX,11,6.0575e+07,737,coinmetrics
2020-07-01,XTZ,12,5.92355e+07,732,coinmetrics
2020-07-01,ADA,13,4.5404e+07,943,coinmetrics
2020-07-01,KNC,14,3.7817e+07,1008,coinmetrics
2020-07-01,ZEC,15,3.58345e+07,1341,coinmetrics
2020-07-01,MCO,16,2.8837e+07,225,binance
2020-07-01,NEO,17,2.7563e+07,1082,coinmetrics
2020-07-01,DASH,18,2.5084e+07,2008,coinmetrics
2020-07-01,XLM,19,2.4985e+07,1736,coinmetrics
2020-07-01,ONT,20,2.3236e+07,754,binance
2020-08-01,BTC,1,3.3658e+09,2039,coinmetrics
2020-08-01,ETH,2,8.0657e+08,1820,coinmetrics
2020-08-01,XRP,3,1.3551e+08,2039,coinmetrics
2020-08-01,BCH,4,1.2732e+08,1096,coinmetrics
2020-08-01,EOS,5,1.2378e+08,784,coinmetrics
2020-08-01,ETC,6,1.1057e+08,1468,coinmetrics
2020-08-01,LTC,7,9.3481e+07,2039,coinmetrics
2020-08-01,BSV,8,8.6561e+07,625,coinmetrics
2020-08-01,ADA,9,7.75875e+07,974,coinmetrics
2020-08-01,LINK,10,6.7013e+07,1037,coinmetrics
2020-08-01,BNB,11,6.4887e+07,1113,coinmetrics
2020-08-01,TRX,12,6.38525e+07,768,coinmetrics
2020-08-01,XTZ,13,5.79305e+07,763,coinmetrics
2020-08-01,KNC,14,5.2463e+07,1039,coinmetrics
2020-08-01,ZEC,15,3.99535e+07,1372,coinmetrics
2020-08-01,CRO,16,3.3939e+07,500,coinmetrics
2020-08-01,XLM,17,3.2671e+07,1767,coinmetrics
2020-08-01,VET,18,3.0855e+07,749,coinmetrics
2020-08-01,ONT,19,2.82705e+07,785,binance
2020-08-01,NEO,20,2.8118e+07,1113,coinmetrics
2020-09-01,BTC,1,3.3658e+09,2070,coinmetrics
2020-09-01,ETH,2,1.0878e+09,1851,coinmetrics
2020-09-01,LINK,3,2.18375e+08,1068,coinmetrics
2020-09-01,XRP,4,1.5813e+08,2070,coinmetrics
2020-09-01,EOS,5,1.48315e+08,815,coinmetrics
2020-09-01,BCH,6,1.4475e+08,1127,coinmetrics
2020-09-01,LTC,7,1.16145e+08,2070,coinmetrics
2020-09-01,ADA,8,1.06215e+08,1005,coinmetrics
2020-09-01,ETC,9,8.9976e+07,1499,coinmetrics
2020-09-01,BSV,10,8.8546e+07,656,coinmetrics
2020-09-01,XTZ,11,8.46535e+07,794,coinmetrics
2020-09-01,TRX,12,7.86975e+07,799,coinmetrics
2020-09-01,BNB,13,7.5065e+07,1144,coinmetrics
2020-09-01,KNC,14,5.7403e+07,1070,coinmetrics
2020-09-01,ZEC,15,5.68805e+07,1403,coinmetrics
2020-09-01,VET,16,5.56055e+07,780,coinmetrics
2020-09-01,XLM,17,5.09015e+07,1798,coinmetrics
2020-09-01,CRO,18,4.52565e+07,531,coinmetrics
2020-09-01,ATOM,19,3.68525e+07,491,binance
2020-09-01,ONT,20,3.64815e+07,816,binance
2020-10-01,BTC,1,3.67915e+09,2100,coinmetrics
2020-10-01,ETH,2,1.5249e+09,1881,coinmetrics
2020-10-01,LINK,3,3.672e+08,1098,coinmetrics
2020-10-01,XRP,4,2.11265e+08,2100,coinmetrics
2020-10-01,EOS,5,1.80755e+08,845,coinmetrics
2020-10-01,BCH,6,1.70095e+08,1157,coinmetrics
2020-10-01,LTC,7,1.47385e+08,2100,coinmetrics
2020-10-01,TRX,8,1.3019e+08,829,coinmetrics
2020-10-01,BNB,9,1.09995e+08,1174,coinmetrics
2020-10-01,BSV,10,1.0411e+08,686,coinmetrics
2020-10-01,ADA,11,1.03675e+08,1035,coinmetrics
2020-10-01,XTZ,12,9.7541e+07,824,coinmetrics
2020-10-01,ETC,13,8.49155e+07,1529,coinmetrics
2020-10-01,ZEC,14,6.2782e+07,1433,coinmetrics
2020-10-01,NEO,15,6.06545e+07,1174,coinmetrics
2020-10-01,VET,16,5.90885e+07,810,coinmetrics
2020-10-01,KNC,17,5.4553e+07,1100,coinmetrics
2020-10-01,XLM,18,5.39065e+07,1828,coinmetrics
2020-10-01,ATOM,19,5.3817e+07,521,binance
2020-10-01,ONT,20,5.13585e+07,846,binance
2020-11-01,BTC,1,3.74665e+09,2131,coinmetrics
2020-11-01,ETH,2,1.4505e+09,1912,coinmetrics
2020-11-01,LINK,3,3.52085e+08,1129,coinmetrics
2020-11-01,BCH,4,1.9929e+08,1188,coinmetrics
2020-11-01,XRP,5,1.9239e+08,2131,coinmetrics
2020-11-01,LTC,6,1.66905e+08,2131,coinmetrics
2020-11-01,TRX,7,1.6189e+08,860,coinmetrics
2020-11-01,EOS,8,1.6121e+08,876,coinmetrics
2020-11-01,BNB,9,1.2888e+08,1205,coinmetrics
2020-11-01,YFI,10,1.25845e+08,99,coinmetrics
2020-11-01,ADA,11,8.26845e+07,1066,coinmetrics
2020-11-01,BSV,12,8.2518e+07,717,coinmetrics
2020-11-01,ZEC,13,7.36955e+07,1464,coinmetrics
2020-11-01,NEO,14,5.861e+07,1205,coinmetrics
2020-11-01,XTZ,15,5.49205e+07,855,coinmetrics
2020-11-01,SXP,16,5.19355e+07,104,binance
2020-11-01,ATOM,17,4.9313e+07,552,binance
2020-11-01,BTT,18,4.83065e+07,640,binance
2020-11-01,XMR,19,4.7331e+07,2131,coinmetrics
2020-11-01,OMG,20,4.60465e+07,1205,coinmetrics
2020-12-01,BTC,1,3.9101e+09,2161,coinmetrics
2020-12-01,ETH,2,1.4545e+09,1942,coinmetrics
2020-12-01,LINK,3,3.2186e+08,1159,coinmetrics
2020-12-01,BCH,4,2.0122e+08,1218,coinmetrics
2020-12-01,YFI,5,1.99825e+08,129,coinmetrics
2020-12-01,XRP,6,1.898e+08,2161,coinmetrics
2020-12-01,LTC,7,1.7843e+08,2161,coinmetrics
2020-12-01,TRX,8,1.53805e+08,890,coinmetrics
2020-12-01,BNB,9,1.34345e+08,1235,coinmetrics
2020-12-01,EOS,10,1.2727e+08,906,coinmetrics
2020-12-01,DOT,11,1.07815e+08,103,coinmetrics
2020-12-01,BSV,12,7.83655e+07,747,coinmetrics
2020-12-01,ADA,13,7.1422e+07,1096,coinmetrics
2020-12-01,YFII,14,7.1382e+07,91,binance
2020-12-01,ZEC,15,5.80775e+07,1494,coinmetrics
2020-12-01,XMR,16,5.64655e+07,2161,coinmetrics
2020-12-01,BTT,17,5.544e+07,670,binance
2020-12-01,OMG,18,4.4677e+07,1235,coinmetrics
2020-12-01,XTZ,19,4.4675e+07,885,coinmetrics
2020-12-01,JST,20,4.07625e+07,112,binance
2021-01-01,BTC,1,5.10395e+09,2192,coinmetrics
2021-01-01,ETH,2,1.74185e+09,1973,coinmetrics
2021-01-01,XRP,3,4.56045e+08,2192,coinmetrics
2021-01-01,LTC,4,3.96625e+08,2192,coinmetrics
2021-01-01,LINK,5,2.8363e+08,1190,coinmetrics
2021-01-01,BCH,6,2.44865e+08,1249,coinmetrics
2021-01-01,YFI,7,1.7166e+08,160,coinmetrics
2021-01-01,EOS,8,1.53965e+08,937,coinmetrics
2021-01-01,TRX,9,1.3006e+08,921,coinmetrics
2021-01-01,BNB,10,1.2078e+08,1266,coinmetrics
2021-01-01,ADA,11,1.0362e+08,1127,coinmetrics
2021-01-01,UNI,12,1.0273e+08,105,coinmetrics
2021-01-01,BSV,13,9.3395e+07,778,coinmetrics
2021-01-01,DOT,14,8.9616e+07,134,coinmetrics
2021-01-01,XMR,15,7.0378e+07,2192,coinmetrics
2021-01-01,SUSHI,16,6.4923e+07,122,coinmetrics
2021-01-01,ZEC,17,6.0684e+07,1525,coinmetrics
2021-01-01,XLM,18,5.747e+07,1920,coinmetrics
2021-01-01,BTT,19,5.1263e+07,701,binance
2021-01-01,ETC,20,4.7058e+07,1621,coinmetrics
2021-02-01,BTC,1,9.3983e+09,2223,coinmetrics
2021-02-01,ETH,2,3.04435e+09,2004,coinmetrics
2021-02-01,XRP,3,1.31255e+09,2223,coinmetrics
2021-02-01,LTC,4,8.706e+08,2223,coinmetrics
2021-02-01,BCH,5,5.04805e+08,1280,coinmetrics
2021-02-01,LINK,6,4.3394e+08,1221,coinmetrics
2021-02-01,ADA,7,2.7473e+08,1158,coinmetrics
2021-02-01,XLM,8,2.68035e+08,1951,coinmetrics
2021-02-01,EOS,9,2.5558e+08,968,coinmetrics
2021-02-01,YFI,10,2.36665e+08,191,coinmetrics
2021-02-01,UNI,11,1.85185e+08,136,coinmetrics
2021-02-01,TRX,12,1.7738e+08,952,coinmetrics
2021-02-01,BNB,13,1.72365e+08,1297,coinmetrics
2021-02-01,DOT,14,1.63325e+08,165,coinmetrics
2021-02-01,BSV,15,1.61955e+08,809,coinmetrics
2021-02-01,SUSHI,16,1.25955e+08,153,coinmetrics
2021-02-01,ETC,17,1.19755e+08,1652,coinmetrics
2021-02-01,ZEC,18,8.3263e+07,1556,coinmetrics
2021-02-01,XMR,19,8.21195e+07,2223,coinmetrics
2021-02-01,AAVE,20,7.51125e+07,114,coinmetrics
2021-03-01,BTC,1,1.6036e+10,2251,coinmetrics
2021-03-01,ETH,2,7.10195e+09,2032,coinmetrics
2021-03-01,XRP,3,1.8378e+09,2251,coinmetrics
2021-03-01,LTC,4,1.39235e+09,2251,coinmetrics
2021-03-01,DOT,5,8.237e+08,193,coinmetrics
2021-03-01,BCH,6,7.7187e+08,1308,coinmetrics
2021-03-01,LINK,7,6.9717e+08,1249,coinmetrics
2021-03-01,ADA,8,6.6019e+08,1186,coinmetrics
2021-03-01,XLM,9,5.6017e+08,1979,coinmetrics
2021-03-01,EOS,10,4.03195e+08,996,coinmetrics
2021-03-01,UNI,11,3.10235e+08,164,coinmetrics
2021-03-01,TRX,12,2.80575e+08,980,coinmetrics
2021-03-01,BNB,13,2.59175e+08,1325,coinmetrics
2021-03-01,BSV,14,2.49445e+08,837,coinmetrics
2021-03-01,SUSHI,15,2.42325e+08,181,coinmetrics
2021-03-01,AAVE,16,2.16975e+08,142,coinmetrics
2021-03-01,YFI,17,1.96855e+08,219,coinmetrics
2021-03-01,ETC,18,1.69655e+08,1680,coinmetrics
2021-03-01,ATOM,19,1.3603e+08,672,binance
2021-03-01,ZEC,20,1.31365e+08,1584,coinmetrics
2021-04-01,BTC,1,1.9308e+10,2282,coinmetrics
2021-04-01,ETH,2,7.70355e+09,2063,coinmetrics
2021-04-01,XRP,3,1.45845e+09,2282,coinmetrics
2021-04-01,LTC,4,1.2932e+09,2282,coinmetrics
2021-04-01,ADA,5,1.2236e+09,1217,coinmetrics
2021-04-01,BNB,6,1.1967e+09,1356,coinmetrics
2021-04-01,DOT,7,1.0696e+09,224,coinmetrics
2021-04-01,BCH,8,7.393e+08,1339,coinmetrics
2021-04-01,LINK,9,7.34505e+08,1280,coinmetrics
2021-04-01,XLM,10,5.5309e+08,2010,coinmetrics
2021-04-01,UNI,11,5.1115e+08,195,coinmetrics
2021-04-01,EOS,12,4.85445e+08,1027,coinmetrics
2021-04-01,TRX,13,4.40955e+08,1011,coinmetrics
2021-04-01,DOGE,14,3.73525e+08,2282,coinmetrics
2021-04-01,SUSHI,15,3.2036e+08,212,coinmetrics
2021-04-01,BSV,16,2.85765e+08,868,coinmetrics
2021-04-01,AAVE,17,2.56895e+08,173,coinmetrics
2021-04-01,GRT,18,2.56155e+08,105,binance
2021-04-01,BTT,19,2.1524e+08,791,binance
2021-04-01,FIL,20,2.1486e+08,168,binance
2021-05-01,BTC,1,2.0389e+10,2312,coinmetrics
2021-05-01,ETH,2,7.57055e+09,2093,coinmetrics
2021-05-01,BNB,3,2.4825e+09,1386,coinmetrics
2021-05-01,XRP,4,2.2647e+09,2312,coinmetrics
2021-05-01,ADA,5,1.57975e+09,1247,coinmetrics
2021-05-01,LTC,6,1.3555e+09,2312,coinmetrics
2021-05-01,DOT,7,1.25735e+09,254,coinmetrics
2021-05-01,DOGE,8,9.86455e+08,2312,coinmetrics
2021-05-01,BCH,9,8.1525e+08,1369,coinmetrics
2021-05-01,BTT,10,7.34665e+08,821,binance
2021-05-01,EOS,11,7.3048e+08,1057,coinmetrics
2021-05-01,TRX,12,7.1773e+08,1041,coinmetrics
2021-05-01,LINK,13,7.02345e+08,1310,coinmetrics
2021-05-01,FIL,14,6.44965e+08,198,binance
2021-05-01,XLM,15,5.998e+08,2040,coinmetrics
2021-05-01,UNI,16,5.75225e+08,225,coinmetrics
2021-05-01,CHZ,17,5.5792e+08,603,binance
2021-05-01,BSV,18,3.71075e+08,898,coinmetrics
2021-05-01,SUSHI,19,3.55595e+08,242,coinmetrics
2021-05-01,VET,20,3.24695e+08,1022,coinmetrics
2021-06-01,BTC,1,2.20105e+10,2343,coinmetrics
2021-06-01,ETH,2,9.4365e+09,2124,coinmetrics
2021-06-01,XRP,3,4.02945e+09,2343,coinmetrics
2021-06-01,BNB,4,2.9793e+09,1417,coinmetrics
2021-06-01,DOGE,5,2.87675e+09,2343,coinmetrics
2021-06-01,ADA,6,1.868e+09,1278,coinmetrics
2021-06-01,LTC,7,1.4926e+09,2343,coinmetrics
2021-06-01,DOT,8,1.3021e+09,285,coinmetrics
2021-06-01,BTT,9,1.22925e+09,852,binance
2021-06-01,EOS,10,1.17495e+09,1088,coinmetrics
2021-06-01,BCH,11,1.1487e+09,1400,coinmetrics
2021-06-01,TRX,12,9.7135e+08,1072,coinmetrics
2021-06-01,FIL,13,9.3613e+08,229,binance
2021-06-01,LINK,14,8.1387e+08,1341,coinmetrics
2021-06-01,VET,15,7.9465e+08,1053,coinmetrics
2021-06-01,ETC,16,7.6245e+08,1772,coinmetrics
2021-06-01,UNI,17,6.3566e+08,256,coinmetrics
2021-06-01,CHZ,18,6.06825e+08,634,binance
2021-06-01,XLM,19,6.05375e+08,2071,coinmetrics
2021-06-01,THETA,20,4.3831e+08,783,binance
2021-07-01,BTC,1,2.034e+10,2373,coinmetrics
2021-07-01,ETH,2,1.1485e+10,2154,coinmetrics
2021-07-01,DOGE,3,4.42095e+09,2373,coinmetrics
2021-07-01,XRP,4,4.02945e+09,2373,coinmetrics
2021-07-01,BNB,5,2.8958e+09,1447,coinmetrics
2021-07-01,ADA,6,1.8975e+09,1308,coinmetrics
2021-07-01,LTC,7,1.4156e+09,2373,coinmetrics
2021-07-01,DOT,8,1.3259e+09,315,coinmetrics
2021-07-01,BCH,9,1.1487e+09,1430,coinmetrics
2021-07-01,ETC,10,1.1454e+09,1802,coinmetrics
2021-07-01,EOS,11,1.10855e+09,1118,coinmetrics
2021-07-01,LINK,12,1.00717e+09,1371,coinmetrics
2021-07-01,BTT,13,9.44475e+08,882,binance
2021-07-01,MATIC,14,9.3926e+08,796,coinmetrics
2021-07-01,TRX,15,9.3856e+08,1102,coinmetrics
2021-07-01,FIL,16,8.24895e+08,259,binance
2021-07-01,VET,17,8.2488e+08,1083,coinmetrics
2021-07-01,XLM,18,6.05375e+08,2101,coinmetrics
2021-07-01,SOL,19,5.46075e+08,324,binance
2021-07-01,UNI,20,5.45915e+08,286,coinmetrics
2021-08-01,BTC,1,1.4039e+10,2404,coinmetrics
2021-08-01,ETH,2,8.63995e+09,2185,coinmetrics
2021-08-01,DOGE,3,1.79705e+09,2404,coinmetrics
2021-08-01,XRP,4,1.66555e+09,2404,coinmetrics
2021-08-01,BNB,5,1.3896e+09,1478,coinmetrics
2021-08-01,ADA,6,1.3067e+09,1339,coinmetrics
2021-08-01,DOT,7,9.237e+08,346,coinmetrics
2021-08-01,MATIC,8,8.93095e+08,827,coinmetrics
2021-08-01,ETC,9,7.6783e+08,1833,coinmetrics
2021-08-01,LINK,10,6.9579e+08,1402,coinmetrics
2021-08-01,LTC,11,6.1905e+08,2404,coinmetrics
2021-08-01,EOS,12,5.165e+08,1149,coinmetrics
2021-08-01,VET,13,4.73715e+08,1114,coinmetrics
2021-08-01,SOL,14,4.67445e+08,355,binance
2021-08-01,BCH,15,4.4456e+08,1461,coinmetrics
2021-08-01,FIL,16,4.19215e+08,290,binance
2021-08-01,TRX,17,4.18e+08,1133,coinmetrics
2021-08-01,THETA,18,3.05855e+08,844,binance
2021-08-01,BTT,19,2.97765e+08,913,binance
2021-08-01,UNI,20,2.77345e+08,317,coinmetrics
2021-09-01,BTC,1,1.3526e+10,2435,coinmetrics
2021-09-01,ETH,2,7.7599e+09,2216,coinmetrics
2021-09-01,XRP,3,1.33765e+09,2435,coinmetrics
2021-09-01,DOGE,4,1.32855e+09,2435,coinmetrics
2021-09-01,ADA,5,1.0532e+09,1370,coinmetrics
2021-09-01,BNB,6,1.0389e+09,1509,coinmetrics
2021-09-01,DOT,7,7.1879e+08,377,coinmetrics
2021-09-01,MATIC,8,6.4682e+08,858,coinmetrics
2021-09-01,ETC,9,6.31115e+08,1864,coinmetrics
2021-09-01,AXS,10,5.6893e+08,301,binance
2021-09-01,LINK,11,5.5478e+08,1433,coinmetrics
2021-09-01,LTC,12,4.9677e+08,2435,coinmetrics
2021-09-01,SOL,13,4.4913e+08,386,binance
2021-09-01,EOS,14,4.2188e+08,1180,coinmetrics
2021-09-01,BCH,15,4.02695e+08,1492,coinmetrics
2021-09-01,FIL,16,3.69585e+08,321,binance
2021-09-01,TRX,17,3.1147e+08,1164,coinmetrics
2021-09-01,VET,18,2.802e+08,1145,coinmetrics
2021-09-01,ICP,19,2.6423e+08,113,coinmetrics
2021-09-01,LUNA,20,2.57795e+08,376,binance
2021-10-01,BTC,1,1.27375e+10,2465,coinmetrics
2021-10-01,ETH,2,7.6623e+09,2246,coinmetrics
2021-10-01,ADA,3,1.6947e+09,1400,coinmetrics
2021-10-01,XRP,4,1.47315e+09,2465,coinmetrics
2021-10-01,SOL,5,1.0758e+09,416,binance
2021-10-01,DOGE,6,1.06665e+09,2465,coinmetrics
2021-10-01,BNB,7,1.00565e+09,1539,coinmetrics
2021-10-01,DOT,8,9.2683e+08,407,coinmetrics
2021-10-01,LUNA,9,6.59345e+08,406,binance
2021-10-01,AXS,10,6.3704e+08,331,binance
2021-10-01,LINK,11,5.9013e+08,1463,coinmetrics
2021-10-01,ETC,12,5.60105e+08,1894,coinmetrics
2021-10-01,MATIC,13,5.42955e+08,888,coinmetrics
2021-10-01,FIL,14,5.38065e+08,351,binance
2021-10-01,LTC,15,5.13195e+08,2465,coinmetrics
2021-10-01,EOS,16,4.55325e+08,1210,coinmetrics
2021-10-01,BCH,17,3.9978e+08,1522,coinmetrics
2021-10-01,TRX,18,3.7485e+08,1194,coinmetrics
2021-10-01,AVAX,19,3.6815e+08,373,coinmetrics
2021-10-01,BTT,20,3.04905e+08,974,binance
2021-11-01,BTC,1,1.50245e+10,2496,coinmetrics
2021-11-01,ETH,2,8.2887e+09,2277,coinmetrics
2021-11-01,SOL,3,2.24025e+09,447,binance
2021-11-01,ADA,4,1.9822e+09,1431,coinmetrics
2021-11-01,XRP,5,1.7723e+09,2496,coinmetrics
2021-11-01,DOT,6,1.2726e+09,438,coinmetrics
2021-11-01,DOGE,7,1.2358e+09,2496,coinmetrics
2021-11-01,BNB,8,1.2017e+09,1570,coinmetrics
2021-11-01,LUNA,9,9.18215e+08,437,binance
2021-11-01,AVAX,10,7.0861e+08,404,coinmetrics
2021-11-01,FIL,11,6.7928e+08,382,binance
2021-11-01,LINK,12,6.67755e+08,1494,coinmetrics
2021-11-01,LTC,13,6.5338e+08,2496,coinmetrics
2021-11-01,MATIC,14,5.84645e+08,919,coinmetrics
2021-11-01,AXS,15,5.47995e+08,362,binance
2021-11-01,ETC,16,5.1344e+08,1925,coinmetrics
2021-11-01,ATOM,17,5.08415e+08,917,binance
2021-11-01,TRX,18,5.0243e+08,1225,coinmetrics
2021-11-01,EOS,19,4.73705e+08,1241,coinmetrics
2021-11-01,FTM,20,4.7083e+08,874,binance
2021-12-01,BTC,1,1.5319e+10,2526,coinmetrics
2021-12-01,ETH,2,8.08175e+09,2307,coinmetrics
2021-12-01,SOL,3,2.43615e+09,477,binance
2021-12-01,SHIB,4,1.7321e+09,204,coinmetrics
2021-12-01,XRP,5,1.6155e+09,2526,coinmetrics
2021-12-01,BNB,6,1.35465e+09,1600,coinmetrics
2021-12-01,DOT,7,1.3411e+09,468,coinmetrics
2021-12-01,ADA,8,1.3346e+09,1461,coinmetrics
2021-12-01,DOGE,9,1.08895e+09,2526,coinmetrics
2021-12-01,AVAX,10,8.7318e+08,434,coinmetrics
2021-12-01,LUNA,11,8.42685e+08,467,binance
2021-12-01,TRX,12,8.14175e+08,1255,coinmetrics
2021-12-01,LTC,13,7.3666e+08,2526,coinmetrics
2021-12-01,LINK,14,6.6226e+08,1524,coinmetrics
2021-12-01,FIL,15,6.51125e+08,412,binance
2021-12-01,OMG,16,6.44305e+08,1600,coinmetrics
2021-12-01,MATIC,17,5.71375e+08,949,coinmetrics
2021-12-01,FTM,18,5.3456e+08,904,binance
2021-12-01,ATOM,19,5.08415e+08,947,binance
2021-12-01,EOS,20,4.1289e+08,1271,coinmetrics
2022-01-01,BTC,1,1.47505e+10,2557,coinmetrics
2022-01-01,ETH,2,8.2541e+09,2338,coinmetrics
2022-01-01,SOL,3,1.97545e+09,508,binance
2022-01-01,SHIB,4,1.93185e+09,235,coinmetrics
2022-01-01,XRP,5,1.5207e+09,2557,coinmetrics
2022-01-01,BNB,6,1.39305e+09,1631,coinmetrics
2022-01-01,LUNA,7,1.13675e+09,498,binance
2022-01-01,DOT,8,1.0432e+09,499,coinmetrics
2022-01-01,ADA,9,1.02595e+09,1492,coinmetrics
2022-01-01,DOGE,10,8.8906e+08,2557,coinmetrics
2022-01-01,SAND,11,8.80045e+08,505,binance
2022-01-01,MATIC,12,8.7966e+08,980,coinmetrics
2022-01-01,AVAX,13,7.9482e+08,465,coinmetrics
2022-01-01,TRX,14,7.93145e+08,1286,coinmetrics
2022-01-01,MANA,15,6.89335e+08,1590,coinmetrics
2022-01-01,LTC,16,6.74355e+08,2557,coinmetrics
2022-01-01,LINK,17,5.74935e+08,1555,coinmetrics
2022-01-01,FTM,18,4.9356e+08,935,binance
2022-01-01,FIL,19,4.90295e+08,443,binance
2022-01-01,ATOM,20,3.81255e+08,978,binance
2022-02-01,BTC,1,1.21715e+10,2588,coinmetrics
2022-02-01,ETH,2,7.6913e+09,2369,coinmetrics
2022-02-01,SOL,3,1.6655e+09,539,binance
2022-02-01,LUNA,4,1.64325e+09,529,binance
2022-02-01,BNB,5,1.32815e+09,1662,coinmetrics
2022-02-01,XRP,6,1.1152e+09,2588,coinmetrics
2022-02-01,MATIC,7,1.04685e+09,1011,coinmetrics
2022-02-01,SHIB,8,1.03165e+09,266,coinmetrics
2022-02-01,ADA,9,9.30255e+08,1523,coinmetrics
2022-02-01,DOT,10,9.01505e+08,530,coinmetrics
2022-02-01,AVAX,11,8.6728e+08,496,coinmetrics
2022-02-01,SAND,12,8.38265e+08,536,binance
2022-02-01,DOGE,13,7.00865e+08,2588,coinmetrics
2022-02-01,TRX,14,6.9022e+08,1317,coinmetrics
2022-02-01,MANA,15,6.6481e+08,1621,coinmetrics
2022-02-01,FTM,16,6.34705e+08,966,binance
2022-02-01,LINK,17,5.8397e+08,1586,coinmetrics
2022-02-01,ATOM,18,5.3937e+08,1009,binance
2022-02-01,LTC,19,5.19335e+08,2588,coinmetrics
2022-02-01,GALA,20,4.687e+08,141,binance
2022-03-01,BTC,1,1.0278e+10,2616,coinmetrics
2022-03-01,ETH,2,6.58985e+09,2397,coinmetrics
2022-03-01,LUNA,3,1.65705e+09,557,binance
2022-03-01,SOL,4,1.40975e+09,567,binance
2022-03-01,MATIC,5,1.0569e+09,1039,coinmetrics
2022-03-01,BNB,6,9.9576e+08,1690,coinmetrics
2022-03-01,XRP,7,9.78005e+08,2616,coinmetrics
2022-03-01,ADA,8,7.99665e+08,1551,coinmetrics
2022-03-01,AVAX,9,7.5834e+08,524,coinmetrics
2022-03-01,SHIB,10,7.57665e+08,294,coinmetrics
2022-03-01,DOT,11,7.4419e+08,558,coinmetrics
2022-03-01,SAND,12,6.925e+08,564,binance
2022-03-01,FTM,13,6.07715e+08,994,binance
2022-03-01,ATOM,14,6.0518e+08,1037,binance
2022-03-01,GALA,15,5.4518e+08,169,binance
2022-03-01,DOGE,16,5.02465e+08,2616,coinmetrics
2022-03-01,TRX,17,5.004e+08,1345,coinmetrics
2022-03-01,LINK,18,4.97485e+08,1614,coinmetrics
2022-03-01,MANA,19,4.94705e+08,1649,coinmetrics
2022-03-01,NEAR,20,4.2488e+08,503,binance
2022-04-01,BTC,1,9.32915e+09,2647,coinmetrics
2022-04-01,ETH,2,5.9629e+09,2428,coinmetrics
2022-04-01,LUNA,3,1.54825e+09,588,binance
2022-04-01,SOL,4,1.15245e+09,598,binance
2022-04-01,XRP,5,8.94925e+08,2647,coinmetrics
2022-04-01,BNB,6,8.2591e+08,1721,coinmetrics
2022-04-01,AVAX,7,7.57985e+08,555,coinmetrics
2022-04-01,FTM,8,6.8546e+08,1025,binance
2022-04-01,ATOM,9,6.1484e+08,1068,binance
2022-04-01,ADA,10,6.125e+08,1582,coinmetrics
2022-04-01,DOT,11,5.95745e+08,589,coinmetrics
2022-04-01,MATIC,12,5.7769e+08,1070,coinmetrics
2022-04-01,SHIB,13,5.72855e+08,325,coinmetrics
2022-04-01,SAND,14,5.21885e+08,595,binance
2022-04-01,GALA,15,4.70555e+08,200,binance
2022-04-01,NEAR,16,4.11025e+08,534,binance
2022-04-01,DOGE,17,3.79065e+08,2647,coinmetrics
2022-04-01,LINK,18,3.7474e+08,1645,coinmetrics
2022-04-01,TRX,19,3.62425e+08,1376,coinmetrics
2022-04-01,MANA,20,3.5609e+08,1680,coinmetrics
2022-05-01,BTC,1,9.2427e+09,2677,coinmetrics
2022-05-01,ETH,2,5.9497e+09,2458,coinmetrics
2022-05-01,LUNA,3,1.4643e+09,618,binance
2022-05-01,SOL,4,1.08715e+09,628,binance
2022-05-01,XRP,5,8.5306e+08,2677,coinmetrics
2022-05-01,BNB,6,7.6227e+08,1751,coinmetrics
2022-05-01,AVAX,7,7.56385e+08,585,coinmetrics
2022-05-01,SHIB,8,4.8627e+08,355,coinmetrics
2022-05-01,ADA,9,4.82115e+08,1612,coinmetrics
2022-05-01,FTM,10,4.407e+08,1055,binance
2022-05-01,GALA,11,4.2898e+08,230,binance
2022-05-01,MATIC,12,4.2791e+08,1100,coinmetrics
2022-05-01,DOT,13,4.2574e+08,619,coinmetrics
2022-05-01,NEAR,14,4.2118e+08,564,binance
2022-05-01,ATOM,15,4.1657e+08,1098,binance
2022-05-01,SAND,16,4.03885e+08,625,binance
2022-05-01,DOGE,17,3.88825e+08,2677,coinmetrics
2022-05-01,TRX,18,3.18835e+08,1406,coinmetrics
2022-05-01,WAVES,19,3.1269e+08,1199,binance
2022-05-01,LINK,20,2.73845e+08,1675,coinmetrics
2022-06-01,BTC,1,9.92325e+09,2708,coinmetrics
2022-06-01,ETH,2,5.65115e+09,2489,coinmetrics
2022-06-01,SOL,3,1.0449e+09,659,binance
2022-06-01,BNB,4,7.5927e+08,1782,coinmetrics
2022-06-01,XRP,5,7.30065e+08,2708,coinmetrics
2022-06-01,AVAX,6,5.7238e+08,616,coinmetrics
2022-06-01,NEAR,7,4.78285e+08,595,binance
2022-06-01,ADA,8,4.05005e+08,1643,coinmetrics
2022-06-01,WAVES,9,3.78265e+08,1230,binance
2022-06-01,DOGE,10,3.7669e+08,2708,coinmetrics
2022-06-01,DOT,11,3.6269e+08,650,coinmetrics
2022-06-01,SHIB,12,3.6028e+08,386,coinmetrics
2022-06-01,FTM,13,3.3052e+08,1086,binance
2022-06-01,TRX,14,3.2315e+08,1437,coinmetrics
2022-06-01,MATIC,15,3.1206e+08,1131,coinmetrics
2022-06-01,ATOM,16,2.75685e+08,1129,binance
2022-06-01,GALA,17,2.72505e+08,261,binance
2022-06-01,SAND,18,2.5559e+08,656,binance
2022-06-01,LTC,19,2.386e+08,2708,coinmetrics
2022-06-01,ZIL,20,2.32275e+08,1586,coinmetrics
2022-07-01,BTC,1,9.8463e+09,2738,coinmetrics
2022-07-01,ETH,2,5.8791e+09,2519,coinmetrics
2022-07-01,SOL,3,1.019e+09,689,binance
2022-07-01,BNB,4,6.7996e+08,1812,coinmetrics
2022-07-01,XRP,5,6.4068e+08,2738,coinmetrics
2022-07-01,ADA,6,4.228e+08,1673,coinmetrics
2022-07-01,AVAX,7,4.11915e+08,646,coinmetrics
2022-07-01,APE,8,3.57175e+08,106,binance
2022-07-01,DOGE,9,3.51595e+08,2738,coinmetrics
2022-07-01,TRX,10,3.12875e+08,1467,coinmetrics
2022-07-01,NEAR,11,2.97595e+08,625,binance
2022-07-01,SHIB,12,2.90595e+08,416,coinmetrics
2022-07-01,DOT,13,2.8822e+08,680,coinmetrics
2022-07-01,MATIC,14,2.8637e+08,1161,coinmetrics
2022-07-01,WAVES,15,2.7272e+08,1260,binance
2022-07-01,LTC,16,2.15305e+08,2738,coinmetrics
2022-07-01,SAND,17,2.06835e+08,686,binance
2022-07-01,FTM,18,2.02185e+08,1116,binance
2022-07-01,LINK,19,1.8403e+08,1736,coinmetrics
2022-07-01,ATOM,20,1.8318e+08,1159,binance
2022-08-01,BTC,1,1.00285e+10,2769,coinmetrics
2022-08-01,ETH,2,6.0402e+09,2550,coinmetrics
2022-08-01,SOL,3,9.1852e+08,720,binance
2022-08-01,XRP,4,5.49065e+08,2769,coinmetrics
2022-08-01,BNB,5,5.09965e+08,1843,coinmetrics
2022-08-01,ADA,6,4.0117e+08,1704,coinmetrics
2022-08-01,AVAX,7,3.19375e+08,677,coinmetrics
2022-08-01,MATIC,8,3.1342e+08,1192,coinmetrics
2022-08-01,TRX,9,2.68235e+08,1498,coinmetrics
2022-08-01,DOGE,10,2.21975e+08,2769,coinmetrics
2022-08-01,APE,11,2.15955e+08,137,binance
2022-08-01,SAND,12,2.0796e+08,717,binance
2022-08-01,SHIB,13,2.0787e+08,447,coinmetrics
2022-08-01,DOT,14,2.07695e+08,711,coinmetrics
2022-08-01,WAVES,15,1.9679e+08,1291,binance
2022-08-01,LTC,16,1.80075e+08,2769,coinmetrics
2022-08-01,LINK,17,1.72405e+08,1767,coinmetrics
2022-08-01,NEAR,18,1.64715e+08,656,binance
2022-08-01,GMT,19,1.5855e+08,145,binance
2022-08-01,ATOM,20,1.5153e+08,1190,binance
2022-09-01,BTC,1,1.0053e+10,2800,coinmetrics
2022-09-01,ETH,2,6.2839e+09,2581,coinmetrics
2022-09-01,SOL,3,7.61315e+08,751,binance
2022-09-01,BNB,4,4.44895e+08,1874,coinmetrics
2022-09-01,XRP,5,4.3244e+08,2800,coinmetrics
2022-09-01,ADA,6,3.3252e+08,1735,coinmetrics
2022-09-01,ETC,7,2.9216e+08,2229,coinmetrics
2022-09-01,MATIC,8,2.759e+08,1223,coinmetrics
2022-09-01,AVAX,9,2.72435e+08,708,coinmetrics
2022-09-01,DOGE,10,1.88675e+08,2800,coinmetrics
2022-09-01,DOT,11,1.75775e+08,742,coinmetrics
2022-09-01,SHIB,12,1.75625e+08,478,coinmetrics
2022-09-01,SAND,13,1.7065e+08,748,binance
2022-09-01,LINK,14,1.5504e+08,1798,coinmetrics
2022-09-01,WAVES,15,1.5429e+08,1322,binance
2022-09-01,APE,16,1.50865e+08,168,binance
2022-09-01,TRX,17,1.50045e+08,1529,coinmetrics
2022-09-01,GMT,18,1.472e+08,176,binance
2022-09-01,NEAR,19,1.4691e+08,687,binance
2022-09-01,LTC,20,1.42555e+08,2800,coinmetrics
2022-10-01,BTC,1,1.09225e+10,2830,coinmetrics
2022-10-01,ETH,2,6.77275e+09,2611,coinmetrics
2022-10-01,SOL,3,6.0148e+08,781,binance
2022-10-01,ETC,4,4.5046e+08,2259,coinmetrics
2022-10-01,XRP,5,4.3244e+08,2830,coinmetrics
2022-10-01,BNB,6,3.85085e+08,1904,coinmetrics
2022-10-01,ADA,7,2.9462e+08,1765,coinmetrics
2022-10-01,MATIC,8,2.48665e+08,1253,coinmetrics
2022-10-01,AVAX,9,1.92965e+08,738,coinmetrics
2022-10-01,ATOM,10,1.87005e+08,1251,binance
2022-10-01,SHIB,11,1.6518e+08,508,coinmetrics
2022-10-01,CHZ,12,1.6414e+08,1121,binance
2022-10-01,DOT,13,1.6152e+08,772,coinmetrics
2022-10-01,DOGE,14,1.54505e+08,2830,coinmetrics
2022-10-01,LINK,15,1.482e+08,1828,coinmetrics
2022-10-01,SAND,16,1.44625e+08,778,binance
2022-10-01,NEAR,17,1.4157e+08,717,binance
2022-10-01,LTC,18,1.40125e+08,2830,coinmetrics
2022-10-01,APE,19,1.35075e+08,198,binance
2022-10-01,OP,20,1.1682e+08,122,binance
2022-11-01,BTC,1,1.1786e+10,2861,coinmetrics
2022-11-01,ETH,2,6.1431e+09,2642,coinmetrics
2022-11-01,XRP,3,6.0359e+08,2861,coinmetrics
2022-11-01,SOL,4,4.34125e+08,812,binance
2022-11-01,BNB,5,3.5376e+08,1935,coinmetrics
2022-11-01,ETC,6,3.1273e+08,2290,coinmetrics
2022-11-01,ADA,7,2.4641e+08,1796,coinmetrics
2022-11-01,MATIC,8,2.0314e+08,1284,coinmetrics
2022-11-01,CHZ,9,1.85145e+08,1152,binance
2022-11-01,ATOM,10,1.6711e+08,1282,binance
2022-11-01,DOGE,11,1.47405e+08,2861,coinmetrics
2022-11-01,SHIB,12,1.4539e+08,539,coinmetrics
2022-11-01,AVAX,13,1.4186e+08,769,coinmetrics
2022-11-01,LINK,14,1.3877e+08,1859,coinmetrics
2022-11-01,LTC,15,1.31945e+08,2861,coinmetrics
2022-11-01,DOT,16,1.28975e+08,803,coinmetrics
2022-11-01,NEAR,17,1.1097e+08,748,binance
2022-11-01,FIL,18,9.92805e+07,747,binance
2022-11-01,SAND,19,9.92405e+07,809,binance
2022-11-01,EOS,20,9.79625e+07,1606,coinmetrics
2022-12-01,BTC,1,1.2217e+10,2891,coinmetrics
2022-12-01,ETH,2,4.74205e+09,2672,coinmetrics
2022-12-01,XRP,3,6.839e+08,2891,coinmetrics
2022-12-01,SOL,4,3.6528e+08,842,binance
2022-12-01,BNB,5,3.4315e+08,1965,coinmetrics
2022-12-01,CHZ,6,2.1349e+08,1182,binance
2022-12-01,ADA,7,2.1087e+08,1826,coinmetrics
2022-12-01,MATIC,8,2.0573e+08,1314,coinmetrics
2022-12-01,DOGE,9,2.0369e+08,2891,coinmetrics
2022-12-01,LINK,10,1.64855e+08,1889,coinmetrics
2022-12-01,LTC,11,1.59875e+08,2891,coinmetrics
2022-12-01,ETC,12,1.4874e+08,2320,coinmetrics
2022-12-01,ATOM,13,1.44305e+08,1312,binance
2022-12-01,SHIB,14,1.345e+08,569,coinmetrics
2022-12-01,DOT,15,1.08165e+08,833,coinmetrics
2022-12-01,AVAX,16,1.06685e+08,799,coinmetrics
2022-12-01,TRX,17,9.80665e+07,1620,coinmetrics
2022-12-01,EOS,18,8.1079e+07,1636,coinmetrics
2022-12-01,FIL,19,8.10225e+07,777,binance
2022-12-01,NEAR,20,8.05885e+07,778,binance
2023-01-01,BTC,1,9.7907e+09,2922,coinmetrics
2023-01-01,ETH,2,3.1356e+09,2703,coinmetrics
2023-01-01,XRP,3,5.3018e+08,2922,coinmetrics
2023-01-01,DOGE,4,3.41095e+08,2922,coinmetrics
2023-01-01,BNB,5,3.29205e+08,1996,coinmetrics
2023-01-01,SOL,6,2.9162e+08,873,binance
2023-01-01,MATIC,7,1.8775e+08,1345,coinmetrics
2023-01-01,LTC,8,1.63e+08,2922,coinmetrics
2023-01-01,ADA,9,1.39845e+08,1857,coinmetrics
2023-01-01,CHZ,10,1.24885e+08,1213,binance
2023-01-01,LINK,11,1.23965e+08,1920,coinmetrics
2023-01-01,SHIB,12,9.18825e+07,600,coinmetrics
2023-01-01,TRX,13,8.5115e+07,1651,coinmetrics
2023-01-01,DOT,14,8.40425e+07,864,coinmetrics
2023-01-01,ETC,15,7.56765e+07,2351,coinmetrics
2023-01-01,ATOM,16,7.2889e+07,1343,binance
2023-01-01,AVAX,17,6.82025e+07,830,coinmetrics
2023-01-01,BCH,18,6.5585e+07,1979,coinmetrics
2023-01-01,APE,19,6.2146e+07,290,binance
2023-01-01,EOS,20,5.84835e+07,1667,coinmetrics
2023-02-01,BTC,1,9.60845e+09,2953,coinmetrics
2023-02-01,ETH,2,3.03075e+09,2734,coinmetrics
2023-02-01,XRP,3,4.8479e+08,2953,coinmetrics
2023-02-01,DOGE,4,3.59185e+08,2953,coinmetrics
2023-02-01,SOL,5,3.47605e+08,904,binance
2023-02-01,BNB,6,3.14385e+08,2027,coinmetrics
2023-02-01,LTC,7,2.23145e+08,2953,coinmetrics
2023-02-01,MATIC,8,2.05365e+08,1376,coinmetrics
2023-02-01,ADA,9,1.37715e+08,1888,coinmetrics
2023-02-01,LINK,10,1.2099e+08,1951,coinmetrics
2023-02-01,SHIB,11,1.05115e+08,631,coinmetrics
2023-02-01,CHZ,12,8.9424e+07,1244,binance
2023-02-01,DOT,13,8.18805e+07,895,coinmetrics
2023-02-01,TRX,14,8.06295e+07,1682,coinmetrics
2023-02-01,APT,15,7.7521e+07,105,binance
2023-02-01,ETC,16,7.56355e+07,2382,coinmetrics
2023-02-01,APE,17,7.38995e+07,321,binance
2023-02-01,BCH,18,7.2189e+07,2010,coinmetrics
2023-02-01,AVAX,19,7.00735e+07,861,coinmetrics
2023-02-01,ATOM,20,6.78345e+07,1374,binance
2023-03-01,BTC,1,1.03965e+10,2981,coinmetrics
2023-03-01,ETH,2,2.85145e+09,2762,coinmetrics
2023-03-01,XRP,3,4.3695e+08,2981,coinmetrics
2023-03-01,SOL,4,3.526e+08,932,binance
2023-03-01,DOGE,5,2.90205e+08,2981,coinmetrics
2023-03-01,BNB,6,2.576e+08,2055,coinmetrics
2023-03-01,MATIC,7,2.38075e+08,1404,coinmetrics
2023-03-01,APT,8,2.2593e+08,133,binance
2023-03-01,LTC,9,1.9891e+08,2981,coinmetrics
2023-03-01,ADA,10,1.475e+08,1916,coinmetrics
2023-03-01,SHIB,11,1.47155e+08,659,coinmetrics
2023-03-01,OP,12,1.1453e+08,273,binance
2023-03-01,LINK,13,1.05e+08,1979,coinmetrics
2023-03-01,AVAX,14,1.03195e+08,889,coinmetrics
2023-03-01,FTM,15,9.88645e+07,1359,binance
2023-03-01,GALA,16,8.89445e+07,534,binance
2023-03-01,DOT,17,8.7129e+07,923,coinmetrics
2023-03-01,FIL,18,8.4521e+07,867,binance
2023-03-01,SAND,19,8.36395e+07,929,binance
2023-03-01,ETC,20,8.14745e+07,2410,coinmetrics
2023-04-01,BTC,1,1.4823e+10,3012,coinmetrics
2023-04-01,ETH,2,3.43635e+09,2793,coinmetrics
2023-04-01,XRP,3,5.14475e+08,3012,coinmetrics
2023-04-01,SOL,4,4.21735e+08,963,binance
2023-04-01,APT,5,3.1414e+08,164,binance
2023-04-01,MATIC,6,3.0119e+08,1435,coinmetrics
2023-04-01,DOGE,7,2.6769e+08,3012,coinmetrics
2023-04-01,BNB,8,2.5456e+08,2086,coinmetrics
2023-04-01,LTC,9,2.24835e+08,3012,coinmetrics
2023-04-01,SHIB,10,1.85615e+08,690,coinmetrics
2023-04-01,ADA,11,1.69415e+08,1947,coinmetrics
2023-04-01,FTM,12,1.6624e+08,1390,binance
2023-04-01,OP,13,1.53285e+08,304,binance
2023-04-01,GALA,14,1.34575e+08,565,binance
2023-04-01,FIL,15,1.31255e+08,898,binance
2023-04-01,LINK,16,1.22395e+08,2010,coinmetrics
2023-04-01,LDO,17,1.21075e+08,567,coinmetrics
2023-04-01,AVAX,18,1.13325e+08,920,coinmetrics
2023-04-01,CFX,19,1.06195e+08,733,binance
2023-04-01,DOT,20,1.0328e+08,954,coinmetrics
2023-05-01,BTC,1,1.10275e+10,3042,coinmetrics
2023-05-01,ETH,2,3.42815e+09,2823,coinmetrics
2023-05-01,XRP,3,5.24115e+08,3042,coinmetrics
2023-05-01,SOL,4,3.1134e+08,993,binance
2023-05-01,DOGE,5,2.6989e+08,3042,coinmetrics
2023-05-01,MATIC,6,2.6817e+08,1465,coinmetrics
2023-05-01,BNB,7,2.5296e+08,2116,coinmetrics
2023-05-01,LTC,8,2.2389e+08,3042,coinmetrics
2023-05-01,APT,9,1.975e+08,194,binance
2023-05-01,ADA,10,1.60075e+08,1977,coinmetrics
2023-05-01,SHIB,11,1.55315e+08,720,coinmetrics
2023-05-01,FTM,12,1.5056e+08,1420,binance
2023-05-01,CFX,13,1.48755e+08,763,binance
2023-05-01,OP,14,1.32205e+08,334,binance
2023-05-01,FIL,15,1.2314e+08,928,binance
2023-05-01,STX,16,1.12375e+08,1284,binance
2023-05-01,LINK,17,1.10305e+08,2040,coinmetrics
2023-05-01,LDO,18,1.06065e+08,597,coinmetrics
2023-05-01,AVAX,19,1.04295e+08,950,coinmetrics
2023-05-01,GALA,20,8.88485e+07,595,binance
2023-06-01,BTC,1,7.0842e+09,3073,coinmetrics
2023-06-01,ETH,2,3.09735e+09,2854,coinmetrics
2023-06-01,XRP,3,5.2951e+08,3073,coinmetrics
2023-06-01,LTC,4,2.19095e+08,3073,coinmetrics
2023-06-01,SOL,5,2.1736e+08,1024,binance
2023-06-01,BNB,6,2.1301e+08,2147,coinmetrics
2023-06-01,DOGE,7,1.84395e+08,3073,coinmetrics
2023-06-01,MATIC,8,1.5734e+08,1496,coinmetrics
2023-06-01,CFX,9,1.2418e+08,794,binance
2023-06-01,ADA,10,1.17435e+08,2008,coinmetrics
2023-06-01,APT,11,9.5186e+07,225,binance
2023-06-01,FTM,12,9.32895e+07,1451,binance
2023-06-01,SHIB,13,8.76955e+07,751,coinmetrics
2023-06-01,FIL,14,8.4917e+07,959,binance
2023-06-01,MASK,15,8.47385e+07,737,binance
2023-06-01,STX,16,7.7553e+07,1315,binance
2023-06-01,LINK,17,7.4379e+07,2071,coinmetrics
2023-06-01,GALA,18,7.18605e+07,626,binance
2023-06-01,TRX,19,6.90245e+07,1802,coinmetrics
2023-06-01,OP,20,6.81425e+07,365,binance
2023-07-01,BTC,1,6.0373e+09,3103,coinmetrics
2023-07-01,ETH,2,2.46355e+09,2884,coinmetrics
2023-07-01,XRP,3,4.99825e+08,3103,coinmetrics
2023-07-01,BNB,4,2.1206e+08,2177,coinmetrics
2023-07-01,SOL,5,1.80765e+08,1054,binance
2023-07-01,LTC,6,1.76905e+08,3103,coinmetrics
2023-07-01,ARB,7,1.65245e+08,100,binance
2023-07-01,DOGE,8,1.43495e+08,3103,coinmetrics
2023-07-01,MATIC,9,1.2248e+08,1526,coinmetrics
2023-07-01,ADA,10,9.51805e+07,2038,coinmetrics
2023-07-01,CFX,11,8.1632e+07,824,binance
2023-07-01,APT,12,7.4898e+07,255,binance
2023-07-01,RNDR,13,6.46035e+07,581,binance
2023-07-01,LINK,14,6.14335e+07,2101,coinmetrics
2023-07-01,SHIB,15,5.8774e+07,781,coinmetrics
2023-07-01,FIL,16,5.7009e+07,989,binance
2023-07-01,TRX,17,5.66995e+07,1832,coinmetrics
2023-07-01,FTM,18,5.4523e+07,1481,binance
2023-07-01,OP,19,5.18065e+07,395,binance
2023-07-01,AVAX,20,5.09435e+07,1011,coinmetrics
2023-08-01,BTC,1,5.28555e+09,3134,coinmetrics
2023-08-01,ETH,2,2.05335e+09,2915,coinmetrics
2023-08-01,XRP,3,5.12965e+08,3134,coinmetrics
2023-08-01,SOL,4,2.0348e+08,1085,binance
2023-08-01,BNB,5,1.78555e+08,2208,coinmetrics
2023-08-01,LTC,6,1.7814e+08,3134,coinmetrics
2023-08-01,DOGE,7,1.3535e+08,3134,coinmetrics
2023-08-01,ARB,8,1.23405e+08,131,binance
2023-08-01,MATIC,9,1.0521e+08,1557,coinmetrics
2023-08-01,ADA,10,8.6425e+07,2069,coinmetrics
2023-08-01,LINK,11,6.07765e+07,2132,coinmetrics
2023-08-01,SHIB,12,5.64875e+07,812,coinmetrics
2023-08-01,TRX,13,5.4223e+07,1863,coinmetrics
2023-08-01,APT,14,5.3866e+07,286,binance
2023-08-01,FIL,15,5.24505e+07,1020,binance
2023-08-01,OP,16,5.0494e+07,426,binance
2023-08-01,CFX,17,4.98825e+07,855,binance
2023-08-01,AVAX,18,4.8969e+07,1042,coinmetrics
2023-08-01,EOS,19,4.3677e+07,1879,coinmetrics
2023-08-01,MASK,20,4.30845e+07,798,binance
2023-09-01,BTC,1,4.89705e+09,3165,coinmetrics
2023-09-01,ETH,2,1.72925e+09,2946,coinmetrics
2023-09-01,XRP,3,5.78865e+08,3165,coinmetrics
2023-09-01,SOL,4,2.273e+08,1116,binance
2023-09-01,BNB,5,1.7697e+08,2239,coinmetrics
2023-09-01,DOGE,6,1.6958e+08,3165,coinmetrics
2023-09-01,LTC,7,1.5995e+08,3165,coinmetrics
2023-09-01,MATIC,8,1.135e+08,1588,coinmetrics
2023-09-01,BCH,9,1.0879e+08,2222,coinmetrics
2023-09-01,ARB,10,1.0396e+08,162,binance
2023-09-01,ADA,11,8.8357e+07,2100,coinmetrics
2023-09-01,LINK,12,7.5801e+07,2163,coinmetrics
2023-09-01,SHIB,13,6.969e+07,843,coinmetrics
2023-09-01,OP,14,6.2777e+07,457,binance
2023-09-01,SUI,15,5.62145e+07,121,binance
2023-09-01,TRX,16,5.4214e+07,1894,coinmetrics
2023-09-01,APT,17,5.1751e+07,317,binance
2023-09-01,AVAX,18,5.1556e+07,1073,coinmetrics
2023-09-01,FIL,19,5.10445e+07,1051,binance
2023-09-01,EOS,20,4.8835e+07,1910,coinmetrics
2023-10-01,BTC,1,4.561e+09,3195,coinmetrics
2023-10-01,ETH,2,1.4638e+09,2976,coinmetrics
2023-10-01,XRP,3,4.8664e+08,3195,coinmetrics
2023-10-01,SOL,4,2.0877e+08,1146,binance
2023-10-01,DOGE,5,1.41165e+08,3195,coinmetrics
2023-10-01,BNB,6,1.2054e+08,2269,coinmetrics
2023-10-01,LTC,7,1.2014e+08,3195,coinmetrics
2023-10-01,BCH,8,9.08995e+07,2252,coinmetrics
2023-10-01,MATIC,9,8.8917e+07,1618,coinmetrics
2023-10-01,ARB,10,8.35375e+07,192,binance
2023-10-01,LINK,11,7.77515e+07,2193,coinmetrics
2023-10-01,ADA,12,6.66585e+07,2130,coinmetrics
2023-10-01,SHIB,13,6.2037e+07,873,coinmetrics
2023-10-01,SUI,14,5.9195e+07,151,binance
2023-10-01,XLM,15,5.44865e+07,2923,coinmetrics
2023-10-01,OP,16,5.3513e+07,487,binance
2023-10-01,TRX,17,5.246e+07,1924,coinmetrics
2023-10-01,AVAX,18,4.7468e+07,1103,coinmetrics
2023-10-01,PEPE,19,4.65395e+07,149,binance
2023-10-01,FIL,20,4.5527e+07,1081,binance
2023-11-01,BTC,1,4.64525e+09,3226,coinmetrics
2023-11-01,ETH,2,1.64185e+09,3007,coinmetrics
2023-11-01,XRP,3,4.3745e+08,3226,coinmetrics
2023-11-01,SOL,4,2.0581e+08,1177,binance
2023-11-01,BNB,5,1.11465e+08,2300,coinmetrics
2023-11-01,DOGE,6,1.06975e+08,3226,coinmetrics
2023-11-01,LINK,7,8.70795e+07,2224,coinmetrics
2023-11-01,LTC,8,8.38925e+07,3226,coinmetrics
2023-11-01,ARB,9,8.2943e+07,223,binance
2023-11-01,MATIC,10,8.13355e+07,1649,coinmetrics
2023-11-01,BCH,11,6.78345e+07,2283,coinmetrics
2023-11-01,ADA,12,5.99205e+07,2161,coinmetrics
2023-11-01,SUI,13,5.8234e+07,182,binance
2023-11-01,TRX,14,5.40175e+07,1955,coinmetrics
2023-11-01,WLD,15,5.3496e+07,100,binance
2023-11-01,AVAX,16,4.95745e+07,1134,coinmetrics
2023-11-01,SHIB,17,4.67125e+07,904,coinmetrics
2023-11-01,APT,18,4.65095e+07,378,binance
2023-11-01,XLM,19,4.53325e+07,2954,coinmetrics
2023-11-01,OP,20,4.5165e+07,518,binance
2023-12-01,BTC,1,4.93035e+09,3256,coinmetrics
2023-12-01,ETH,2,2.0564e+09,3037,coinmetrics
2023-12-01,XRP,3,4.75975e+08,3256,coinmetrics
2023-12-01,SOL,4,3.6895e+08,1207,binance
2023-12-01,LINK,5,1.62495e+08,2254,coinmetrics
2023-12-01,BNB,6,1.26855e+08,2330,coinmetrics
2023-12-01,DOGE,7,1.13485e+08,3256,coinmetrics
2023-12-01,MATIC,8,9.3418e+07,1679,coinmetrics
2023-12-01,ARB,9,9.20095e+07,253,binance
2023-12-01,LTC,10,9.04125e+07,3256,coinmetrics
2023-12-01,AVAX,11,6.9732e+07,1164,coinmetrics
2023-12-01,WLD,12,6.74615e+07,130,binance
2023-12-01,ADA,13,6.51315e+07,2191,coinmetrics
2023-12-01,BCH,14,6.2931e+07,2313,coinmetrics
2023-12-01,TRX,15,6.20275e+07,1985,coinmetrics
2023-12-01,APT,16,6.04495e+07,408,binance
2023-12-01,AAVE,17,6.01455e+07,1147,coinmetrics
2023-12-01,SUI,18,5.96995e+07,212,binance
2023-12-01,LOOM,19,5.1308e+07,252,binance
2023-12-01,SHIB,20,4.9694e+07,934,coinmetrics
2024-01-01,BTC,1,7.10085e+09,3287,coinmetrics
2024-01-01,ETH,2,3.30195e+09,3068,coinmetrics
2024-01-01,SOL,3,1.2085e+09,1238,binance
2024-01-01,XRP,4,7.1785e+08,3287,coinmetrics
2024-01-01,LINK,5,3.7158e+08,2285,coinmetrics
2024-01-01,DOGE,6,3.06465e+08,3287,coinmetrics
2024-01-01,AVAX,7,2.49115e+08,1195,coinmetrics
2024-01-01,BNB,8,2.1956e+08,2361,coinmetrics
2024-01-01,MATIC,9,2.12135e+08,1710,coinmetrics
2024-01-01,ARB,10,1.82845e+08,284,binance
2024-01-01,ADA,11,1.8025e+08,2222,coinmetrics
2024-01-01,LTC,12,1.2209e+08,3287,coinmetrics
2024-01-01,SUI,13,1.1894e+08,243,binance
2024-01-01,DOT,14,1.0575e+08,1229,coinmetrics
2024-01-01,FIL,15,1.0071e+08,1173,binance
2024-01-01,APT,16,1.0036e+08,439,binance
2024-01-01,SHIB,17,9.74025e+07,965,coinmetrics
2024-01-01,ETC,18,9.577e+07,2716,coinmetrics
2024-01-01,NEAR,19,9.36555e+07,1174,binance
2024-01-01,ATOM,20,9.21955e+07,1708,binance
2024-02-01,BTC,1,9.3122e+09,3318,coinmetrics
2024-02-01,ETH,2,4.31525e+09,3099,coinmetrics
2024-02-01,SOL,3,1.71365e+09,1269,binance
2024-02-01,XRP,4,7.9957e+08,3318,coinmetrics
2024-02-01,AVAX,5,4.02365e+08,1226,coinmetrics
2024-02-01,LINK,6,3.7384e+08,2316,coinmetrics
2024-02-01,DOGE,7,3.52885e+08,3318,coinmetrics
2024-02-01,BNB,8,3.0314e+08,2392,coinmetrics
2024-02-01,ARB,9,2.8023e+08,315,binance
2024-02-01,MATIC,10,2.71105e+08,1741,coinmetrics
2024-02-01,SEI,11,2.61245e+08,170,binance
2024-02-01,ADA,12,2.34585e+08,2253,coinmetrics
2024-02-01,TIA,13,1.9088e+08,93,binance
2024-02-01,SUI,14,1.8667e+08,274,binance
2024-02-01,OP,15,1.58495e+08,610,binance
2024-02-01,FIL,16,1.4617e+08,1204,binance
2024-02-01,ETC,17,1.3804e+08,2747,coinmetrics
2024-02-01,DOT,18,1.3767e+08,1260,coinmetrics
2024-02-01,LTC,19,1.36405e+08,3318,coinmetrics
2024-02-01,NEAR,20,1.2478e+08,1205,binance
2024-03-01,BTC,1,1.03925e+10,3347,coinmetrics
2024-03-01,ETH,2,4.8342e+09,3128,coinmetrics
2024-03-01,SOL,3,1.71965e+09,1298,binance
2024-03-01,XRP,4,6.89875e+08,3347,coinmetrics
2024-03-01,BNB,5,3.6994e+08,2421,coinmetrics
2024-03-01,AVAX,6,3.5047e+08,1255,coinmetrics
2024-03-01,LINK,7,3.47125e+08,2345,coinmetrics
2024-03-01,SEI,8,3.3848e+08,199,binance
2024-03-01,ARB,9,2.9869e+08,344,binance
2024-03-01,DOGE,10,2.8863e+08,3347,coinmetrics
2024-03-01,ADA,11,2.8677e+08,2282,coinmetrics
2024-03-01,SUI,12,2.61505e+08,303,binance
2024-03-01,MATIC,13,2.5224e+08,1770,coinmetrics
2024-03-01,ORDI,14,2.4961e+08,115,binance
2024-03-01,OP,15,1.8282e+08,639,binance
2024-03-01,ETC,16,1.64975e+08,2776,coinmetrics
2024-03-01,TIA,17,1.59125e+08,122,binance
2024-03-01,FIL,18,1.5858e+08,1233,binance
2024-03-01,DOT,19,1.47245e+08,1289,coinmetrics
2024-03-01,NEAR,20,1.45515e+08,1234,binance
2024-04-01,BTC,1,1.32775e+10,3378,coinmetrics
2024-04-01,ETH,2,6.16315e+09,3159,coinmetrics
2024-04-01,SOL,3,1.9369e+09,1329,binance
2024-04-01,XRP,4,8.30715e+08,3378,coinmetrics
2024-04-01,BNB,5,5.3322e+08,2452,coinmetrics
2024-04-01,DOGE,6,4.0063e+08,3378,coinmetrics
2024-04-01,AVAX,7,3.4622e+08,1286,coinmetrics
2024-04-01,ARB,8,3.31535e+08,375,binance
2024-04-01,LINK,9,3.2942e+08,2376,coinmetrics
2024-04-01,SUI,10,3.27185e+08,334,binance
2024-04-01,SEI,11,3.2517e+08,230,binance
2024-04-01,ADA,12,2.975e+08,2313,coinmetrics
2024-04-01,MATIC,13,2.4078e+08,1801,coinmetrics
2024-04-01,FIL,14,2.3371e+08,1264,binance
2024-04-01,ORDI,15,2.05575e+08,146,binance
2024-04-01,ETC,16,2.02825e+08,2807,coinmetrics
2024-04-01,OP,17,1.90825e+08,670,binance
2024-04-01,NEAR,18,1.87555e+08,1265,binance
2024-04-01,LTC,19,1.84185e+08,3378,coinmetrics
2024-04-01,APT,20,1.6802e+08,530,binance
2024-05-01,BTC,1,1.67325e+10,3408,coinmetrics
2024-05-01,ETH,2,7.03e+09,3189,coinmetrics
2024-05-01,SOL,3,1.9794e+09,1359,binance
2024-05-01,DOGE,4,1.4598e+09,3408,coinmetrics
2024-05-01,XRP,5,9.62845e+08,3408,coinmetrics
2024-05-01,BNB,6,8.22225e+08,2482,coinmetrics
2024-05-01,PEPE,7,5.29305e+08,362,binance
2024-05-01,SHIB,8,5.17885e+08,1086,coinmetrics
2024-05-01,BCH,9,3.3965e+08,2465,coinmetrics
2024-05-01,NEAR,10,3.08115e+08,1295,binance
2024-05-01,AVAX,11,2.9891e+08,1316,coinmetrics
2024-05-01,ADA,12,2.8826e+08,2343,coinmetrics
2024-05-01,WLD,13,2.8729e+08,282,binance
2024-05-01,SUI,14,2.8206e+08,364,binance
2024-05-01,LINK,15,2.6915e+08,2406,coinmetrics
2024-05-01,LTC,16,2.5637e+08,3408,coinmetrics
2024-05-01,ARB,17,2.5332e+08,405,binance
2024-05-01,FIL,18,2.3706e+08,1294,binance
2024-05-01,SEI,19,2.1763e+08,260,binance
2024-05-01,FET,20,2.1274e+08,1889,binance
2024-06-01,BTC,1,1.61515e+10,3439,coinmetrics
2024-06-01,ETH,2,6.9388e+09,3220,coinmetrics
2024-06-01,SOL,3,2.08935e+09,1390,binance
2024-06-01,DOGE,4,1.4106e+09,3439,coinmetrics
2024-06-01,XRP,5,8.8716e+08,3439,coinmetrics
2024-06-01,PEPE,6,8.0043e+08,393,binance
2024-06-01,BNB,7,7.9837e+08,2513,coinmetrics
2024-06-01,SHIB,8,5.60845e+08,1117,coinmetrics
2024-06-01,NEAR,9,3.6874e+08,1326,binance
2024-06-01,BCH,10,2.8731e+08,2496,coinmetrics
2024-06-01,WLD,11,2.70185e+08,313,binance
2024-06-01,AVAX,12,2.63595e+08,1347,coinmetrics
2024-06-01,LTC,13,2.40305e+08,3439,coinmetrics
2024-06-01,ADA,14,2.3572e+08,2374,coinmetrics
2024-06-01,FLOKI,15,2.26275e+08,393,binance
2024-06-01,ARB,16,2.17295e+08,436,binance
2024-06-01,LINK,17,2.1604e+08,2437,coinmetrics
2024-06-01,BONK,18,2.1091e+08,169,binance
2024-06-01,ORDI,19,2.0157e+08,207,binance
2024-06-01,SUI,20,1.93185e+08,395,binance
2024-07-01,BTC,1,1.293e+10,3469,coinmetrics
2024-07-01,ETH,2,5.97755e+09,3250,coinmetrics
2024-07-01,SOL,3,1.7645e+09,1420,binance
2024-07-01,DOGE,4,7.63495e+08,3469,coinmetrics
2024-07-01,PEPE,5,6.6574e+08,423,binance
2024-07-01,XRP,6,5.75085e+08,3469,coinmetrics
2024-07-01,BNB,7,4.76955e+08,2543,coinmetrics
2024-07-01,SHIB,8,3.86905e+08,1147,coinmetrics
2024-07-01,WIF,9,3.0027e+08,118,binance
2024-07-01,NEAR,10,2.76425e+08,1356,binance
2024-07-01,AVAX,11,1.9681e+08,1377,coinmetrics
2024-07-01,WLD,12,1.8677e+08,343,binance
2024-07-01,BOME,13,1.8503e+08,107,binance
2024-07-01,ADA,14,1.7509e+08,2404,coinmetrics
2024-07-01,BONK,15,1.71155e+08,199,binance
2024-07-01,LINK,16,1.61605e+08,2467,coinmetrics
2024-07-01,ARB,17,1.58555e+08,466,binance
2024-07-01,ORDI,18,1.55875e+08,237,binance
2024-07-01,FLOKI,19,1.5188e+08,423,binance
2024-07-01,LTC,20,1.4635e+08,3469,coinmetrics
2024-08-01,BTC,1,1.1388e+10,3500,coinmetrics
2024-08-01,ETH,2,5.76055e+09,3281,coinmetrics
2024-08-01,SOL,3,1.6491e+09,1451,binance
2024-08-01,PEPE,4,6.61015e+08,454,binance
2024-08-01,XRP,5,5.57555e+08,3500,coinmetrics
2024-08-01,DOGE,6,5.01335e+08,3500,coinmetrics
2024-08-01,BNB,7,4.1181e+08,2574,coinmetrics
2024-08-01,WIF,8,2.7135e+08,149,binance
2024-08-01,SHIB,9,2.55915e+08,1178,coinmetrics
2024-08-01,BONK,10,1.85405e+08,230,binance
2024-08-01,NEAR,11,1.78595e+08,1387,binance
2024-08-01,AVAX,12,1.6937e+08,1408,coinmetrics
2024-08-01,WLD,13,1.59235e+08,374,binance
2024-08-01,ADA,14,1.54505e+08,2435,coinmetrics
2024-08-01,FLOKI,15,1.4573e+08,454,binance
2024-08-01,PEOPLE,16,1.4353e+08,952,binance
2024-08-01,LINK,17,1.38755e+08,2498,coinmetrics
2024-08-01,BOME,18,1.30365e+08,138,binance
2024-08-01,ARB,19,1.27185e+08,497,binance
2024-08-01,ORDI,20,1.1955e+08,268,binance
2024-09-01,BTC,1,1.20215e+10,3531,coinmetrics
2024-09-01,ETH,2,6.20655e+09,3312,coinmetrics
2024-09-01,SOL,3,1.7182e+09,1482,binance
2024-09-01,XRP,4,6.25925e+08,3531,coinmetrics
2024-09-01,PEPE,5,5.62375e+08,485,binance
2024-09-01,BNB,6,4.17555e+08,2605,coinmetrics
2024-09-01,DOGE,7,3.98935e+08,3531,coinmetrics
2024-09-01,WIF,8,2.46745e+08,180,binance
2024-09-01,NOT,9,1.6564e+08,108,binance
2024-09-01,SHIB,10,1.5542e+08,1209,coinmetrics
2024-09-01,AVAX,11,1.5267e+08,1439,coinmetrics
2024-09-01,NEAR,12,1.45665e+08,1418,binance
2024-09-01,ADA,13,1.44695e+08,2466,coinmetrics
2024-09-01,BONK,14,1.43525e+08,261,binance
2024-09-01,LINK,15,1.29365e+08,2529,coinmetrics
2024-09-01,FLOKI,16,1.2149e+08,485,binance
2024-09-01,WLD,17,1.12185e+08,405,binance
2024-09-01,LTC,18,1.07075e+08,3531,coinmetrics
2024-09-01,SUI,19,1.0598e+08,487,binance
2024-09-01,TRX,20,1.0389e+08,2260,coinmetrics
2024-10-01,BTC,1,1.2847e+10,3561,coinmetrics
2024-10-01,ETH,2,6.54055e+09,3342,coinmetrics
2024-10-01,SOL,3,1.6995e+09,1512,binance
2024-10-01,XRP,4,6.33e+08,3561,coinmetrics
2024-10-01,PEPE,5,4.90345e+08,515,binance
2024-10-01,BNB,6,4.15345e+08,2635,coinmetrics
2024-10-01,DOGE,7,3.6204e+08,3561,coinmetrics
2024-10-01,WIF,8,2.3458e+08,210,binance
2024-10-01,SUI,9,1.5122e+08,517,binance
2024-10-01,AVAX,10,1.44125e+08,1469,coinmetrics
2024-10-01,NEAR,11,1.41855e+08,1448,binance
2024-10-01,ADA,12,1.3418e+08,2496,coinmetrics
2024-10-01,SHIB,13,1.2596e+08,1239,coinmetrics
2024-10-01,LINK,14,1.18325e+08,2559,coinmetrics
2024-10-01,TRX,15,1.06535e+08,2290,coinmetrics
2024-10-01,NOT,16,1.02215e+08,138,binance
2024-10-01,BONK,17,1.0183e+08,291,binance
2024-10-01,WLD,18,1.00632e+08,435,binance
2024-10-01,FET,19,9.66355e+07,2042,binance
2024-10-01,LTC,20,9.5542e+07,3561,coinmetrics
2024-11-01,BTC,1,1.31085e+10,3592,coinmetrics
2024-11-01,ETH,2,6.6876e+09,3373,coinmetrics
2024-11-01,SOL,3,1.59285e+09,1543,binance
2024-11-01,XRP,4,5.4425e+08,3592,coinmetrics
2024-11-01,PEPE,5,4.4374e+08,546,binance
2024-11-01,BNB,6,3.9529e+08,2666,coinmetrics
2024-11-01,DOGE,7,3.6204e+08,3592,coinmetrics
2024-11-01,SUI,8,3.143e+08,548,binance
2024-11-01,WIF,9,2.3968e+08,241,binance
2024-11-01,SHIB,10,1.3707e+08,1270,coinmetrics
2024-11-01,NEAR,11,1.3124e+08,1479,binance
2024-11-01,ADA,12,1.23175e+08,2527,coinmetrics
2024-11-01,AVAX,13,1.2311e+08,1500,coinmetrics
2024-11-01,FET,14,1.15425e+08,2073,binance
2024-11-01,LINK,15,1.07305e+08,2590,coinmetrics
2024-11-01,TRX,16,1.06665e+08,2321,coinmetrics
2024-11-01,WLD,17,1.0444e+08,466,binance
2024-11-01,AAVE,18,1.036e+08,1483,coinmetrics
2024-11-01,SEI,19,1.02025e+08,444,binance
2024-11-01,APT,20,9.2638e+07,744,binance
2024-12-01,BTC,1,1.4661e+10,3622,coinmetrics
2024-12-01,ETH,2,7.5756e+09,3403,coinmetrics
2024-12-01,SOL,3,1.85625e+09,1573,binance
2024-12-01,DOGE,4,7.1896e+08,3622,coinmetrics
2024-12-01,XRP,5,6.06515e+08,3622,coinmetrics
2024-12-01,SUI,6,5.52405e+08,578,binance
2024-12-01,PEPE,7,5.30005e+08,576,binance
2024-12-01,BNB,8,4.22495e+08,2696,coinmetrics
2024-12-01,WIF,9,2.7367e+08,271,binance
2024-12-01,SHIB,10,2.63715e+08,1300,coinmetrics
2024-12-01,WLD,11,1.66245e+08,496,binance
2024-12-01,SEI,12,1.61315e+08,474,binance
2024-12-01,NEAR,13,1.48755e+08,1509,binance
2024-12-01,APT,14,1.4248e+08,774,binance
2024-12-01,FET,15,1.36555e+08,2103,binance
2024-12-01,AVAX,16,1.36505e+08,1530,coinmetrics
2024-12-01,ADA,17,1.32145e+08,2557,coinmetrics
2024-12-01,LINK,18,1.2365e+08,2620,coinmetrics
2024-12-01,AAVE,19,1.2143e+08,1513,coinmetrics
2024-12-01,FTM,20,1.14825e+08,2000,binance
2025-01-01,BTC,1,1.73975e+10,3653,coinmetrics
2025-01-01,ETH,2,1.04365e+10,3434,coinmetrics
2025-01-01,XRP,3,2.7053e+09,3653,coinmetrics
2025-01-01,DOGE,4,2.37925e+09,3653,coinmetrics
2025-01-01,SOL,5,2.34365e+09,1604,binance
2025-01-01,PEPE,6,9.31895e+08,607,binance
2025-01-01,SUI,7,7.56215e+08,609,binance
2025-01-01,BNB,8,5.1212e+08,2727,coinmetrics
2025-01-01,ADA,9,4.69775e+08,2588,coinmetrics
2025-01-01,SHIB,10,3.73225e+08,1331,coinmetrics
2025-01-01,WIF,11,3.09405e+08,302,binance
2025-01-01,LINK,12,2.83915e+08,2651,coinmetrics
2025-01-01,HBAR,13,2.7265e+08,1921,binance
2025-01-01,AVAX,14,2.3653e+08,1561,coinmetrics
2025-01-01,LTC,15,2.35795e+08,3653,coinmetrics
2025-01-01,WLD,16,2.33465e+08,527,binance
2025-01-01,TRX,17,2.1878e+08,2382,coinmetrics
2025-01-01,APT,18,2.02665e+08,805,binance
2025-01-01,ENA,19,1.956e+08,274,binance
2025-01-01,BONK,20,1.9276e+08,383,binance
2025-02-01,BTC,1,2.20635e+10,3684,coinmetrics
2025-02-01,ETH,2,1.22255e+10,3465,coinmetrics
2025-02-01,XRP,3,4.4619e+09,3684,coinmetrics
2025-02-01,SOL,4,3.196e+09,1635,binance
2025-02-01,DOGE,5,3.01895e+09,3684,coinmetrics
2025-02-01,PEPE,6,1.0042e+09,638,binance
2025-02-01,SUI,7,8.8954e+08,640,binance
2025-02-01,ADA,8,7.5829e+08,2619,coinmetrics
2025-02-01,BNB,9,6.20595e+08,2758,coinmetrics
2025-02-01,HBAR,10,4.9587e+08,1952,binance
2025-02-01,LINK,11,4.20395e+08,2682,coinmetrics
2025-02-01,XLM,12,4.05055e+08,3412,coinmetrics
2025-02-01,SHIB,13,3.8041e+08,1362,coinmetrics
2025-02-01,LTC,14,3.1425e+08,3684,coinmetrics
2025-02-01,TRX,15,3.0627e+08,2413,coinmetrics
2025-02-01,AVAX,16,2.95705e+08,1592,coinmetrics
2025-02-01,ENA,17,2.69635e+08,305,binance
2025-02-01,WIF,18,2.56205e+08,333,binance
2025-02-01,WLD,19,2.55485e+08,558,binance
2025-02-01,BONK,20,2.3294e+08,414,binance
2025-03-01,BTC,1,2.0653e+10,3712,coinmetrics
2025-03-01,ETH,2,1.1805e+10,3493,coinmetrics
2025-03-01,XRP,3,4.1558e+09,3712,coinmetrics
2025-03-01,SOL,4,2.73895e+09,1663,binance
2025-03-01,DOGE,5,1.922e+09,3712,coinmetrics
2025-03-01,SUI,6,8.0589e+08,668,binance
2025-03-01,PEPE,7,6.90175e+08,666,binance
2025-03-01,ADA,8,5.70395e+08,2647,coinmetrics
2025-03-01,BNB,9,5.6357e+08,2786,coinmetrics
2025-03-01,HBAR,10,4.47345e+08,1980,binance
2025-03-01,LTC,11,4.26975e+08,3712,coinmetrics
2025-03-01,LINK,12,3.9143e+08,2710,coinmetrics
2025-03-01,TRX,13,3.1349e+08,2441,coinmetrics
2025-03-01,XLM,14,3.06805e+08,3440,coinmetrics
2025-03-01,ENA,15,2.5054e+08,333,binance
2025-03-01,AVAX,16,2.33065e+08,1620,coinmetrics
2025-03-01,SHIB,17,2.32855e+08,1390,coinmetrics
2025-03-01,WIF,18,2.30545e+08,361,binance
2025-03-01,AAVE,19,2.22575e+08,1603,coinmetrics
2025-03-01,WLD,20,1.8311e+08,586,binance
2025-04-01,BTC,1,1.6482e+10,3743,coinmetrics
2025-04-01,ETH,2,9.7283e+09,3524,coinmetrics
2025-04-01,XRP,3,3.21305e+09,3743,coinmetrics
2025-04-01,SOL,4,2.4801e+09,1694,binance
2025-04-01,DOGE,5,1.11945e+09,3743,coinmetrics
2025-04-01,SUI,6,6.44915e+08,699,binance
2025-04-01,PEPE,7,5.4006e+08,697,binance
2025-04-01,BNB,8,5.32175e+08,2817,coinmetrics
2025-04-01,ADA,9,5.0894e+08,2678,coinmetrics
2025-04-01,LTC,10,3.4616e+08,3743,coinmetrics
2025-04-01,LINK,11,3.2283e+08,2741,coinmetrics
2025-04-01,TRX,12,2.87065e+08,2472,coinmetrics
2025-04-01,HBAR,13,2.7537e+08,2011,binance
2025-04-01,WIF,14,2.13095e+08,392,binance
2025-04-01,XLM,15,1.9288e+08,3471,coinmetrics
2025-04-01,AVAX,16,1.922e+08,1651,coinmetrics
2025-04-01,AAVE,17,1.888e+08,1634,coinmetrics
2025-04-01,ENA,18,1.84735e+08,364,binance
2025-04-01,SHIB,19,1.63085e+08,1421,coinmetrics
2025-04-01,NEAR,20,1.2523e+08,1630,binance
2025-05-01,BTC,1,1.3197e+10,3773,coinmetrics
2025-05-01,ETH,2,7.49105e+09,3554,coinmetrics
2025-05-01,XRP,3,2.6604e+09,3773,coinmetrics
2025-05-01,SOL,4,2.38575e+09,1724,binance
2025-05-01,DOGE,5,8.67485e+08,3773,coinmetrics
2025-05-01,SUI,6,6.37475e+08,729,binance
2025-05-01,BNB,7,5.08535e+08,2847,coinmetrics
2025-05-01,TRUMP,8,4.65445e+08,102,binance
2025-05-01,PEPE,9,4.64635e+08,727,binance
2025-05-01,ADA,10,4.19675e+08,2708,coinmetrics
2025-05-01,TRX,11,2.7327e+08,2502,coinmetrics
2025-05-01,LTC,12,2.3703e+08,3773,coinmetrics
2025-05-01,LINK,13,2.19355e+08,2771,coinmetrics
2025-05-01,HBAR,14,1.87165e+08,2041,binance
2025-05-01,WIF,15,1.7281e+08,422,binance
2025-05-01,AVAX,16,1.70945e+08,1681,coinmetrics
2025-05-01,AAVE,17,1.513e+08,1664,coinmetrics
2025-05-01,XLM,18,1.37805e+08,3501,coinmetrics
2025-05-01,ENA,19,1.26065e+08,394,binance
2025-05-01,SHIB,20,1.174e+08,1451,coinmetrics
2025-06-01,BTC,1,1.2047e+10,3804,coinmetrics
2025-06-01,ETH,2,6.7554e+09,3585,coinmetrics
2025-06-01,SOL,3,2.2771e+09,1755,binance
2025-06-01,XRP,4,2.20285e+09,3804,coinmetrics
2025-06-01,DOGE,5,8.8358e+08,3804,coinmetrics
2025-06-01,SUI,6,6.752e+08,760,binance
2025-06-01,PEPE,7,4.85155e+08,758,binance
2025-06-01,BNB,8,4.2726e+08,2878,coinmetrics
2025-06-01,ADA,9,4.01525e+08,2739,coinmetrics
2025-06-01,TRUMP,10,3.9815e+08,133,binance
2025-06-01,TRX,11,2.8627e+08,2533,coinmetrics
2025-06-01,LINK,12,2.08275e+08,2802,coinmetrics
2025-06-01,LTC,13,2.0022e+08,3804,coinmetrics
2025-06-01,AVAX,14,1.7043e+08,1712,coinmetrics
2025-06-01,HBAR,15,1.59785e+08,2072,binance
2025-06-01,WIF,16,1.5423e+08,453,binance
2025-06-01,AAVE,17,1.5107e+08,1695,coinmetrics
2025-06-01,ENA,18,1.20935e+08,425,binance
2025-06-01,XLM,19,1.1417e+08,3532,coinmetrics
2025-06-01,SHIB,20,1.09035e+08,1482,coinmetrics
2025-07-01,BTC,1,1.1745e+10,3834,coinmetrics
2025-07-01,ETH,2,6.94005e+09,3615,coinmetrics
2025-07-01,SOL,3,2.273e+09,1785,binance
2025-07-01,XRP,4,1.8002e+09,3834,coinmetrics
2025-07-01,DOGE,5,7.45165e+08,3834,coinmetrics
2025-07-01,SUI,6,6.58535e+08,790,binance
2025-07-01,PEPE,7,5.22535e+08,788,binance
2025-07-01,BNB,8,4.081e+08,2908,coinmetrics
2025-07-01,ADA,9,3.3968e+08,2769,coinmetrics
2025-07-01,TRUMP,10,3.2083e+08,163,binance
2025-07-01,TRX,11,2.68835e+08,2563,coinmetrics
2025-07-01,LINK,12,1.8739e+08,2832,coinmetrics
2025-07-01,AAVE,13,1.87115e+08,1725,coinmetrics
2025-07-01,WIF,14,1.7395e+08,483,binance
2025-07-01,AVAX,15,1.69245e+08,1742,coinmetrics
2025-07-01,LTC,16,1.576e+08,3834,coinmetrics
2025-07-01,HBAR,17,1.1963e+08,2102,binance
2025-07-01,UNI,18,1.17695e+08,1747,coinmetrics
2025-07-01,ENA,19,1.12275e+08,455,binance
2025-07-01,XLM,20,1.07475e+08,3562,coinmetrics
2025-08-01,BTC,1,1.19795e+10,3865,coinmetrics
2025-08-01,ETH,2,9.25285e+09,3646,coinmetrics
2025-08-01,SOL,3,2.3061e+09,1816,binance
2025-08-01,XRP,4,1.936e+09,3865,coinmetrics
2025-08-01,DOGE,5,9.0961e+08,3865,coinmetrics
2025-08-01,PEPE,6,6.8305e+08,819,binance
2025-08-01,SUI,7,6.76575e+08,821,binance
2025-08-01,BNB,8,4.6199e+08,2939,coinmetrics
2025-08-01,ADA,9,3.7682e+08,2800,coinmetrics
2025-08-01,TRX,10,2.82355e+08,2594,coinmetrics
2025-08-01,TRUMP,11,2.5301e+08,194,binance
2025-08-01,LINK,12,2.3645e+08,2863,coinmetrics
2025-08-01,WIF,13,2.22925e+08,514,binance
2025-08-01,AAVE,14,2.08915e+08,1756,coinmetrics
2025-08-01,UNI,15,2.00925e+08,1778,coinmetrics
2025-08-01,AVAX,16,1.9238e+08,1773,coinmetrics
2025-08-01,LTC,17,1.8778e+08,3865,coinmetrics
2025-08-01,ENA,18,1.5282e+08,486,binance
2025-08-01,BCH,19,1.4415e+08,2922,coinmetrics
2025-08-01,VIRTUAL,20,1.37475e+08,112,binance
2025-09-01,BTC,1,1.2174e+10,3896,coinmetrics
2025-09-01,ETH,2,1.1153e+10,3677,coinmetrics
2025-09-01,SOL,3,2.80065e+09,1847,binance
2025-09-01,XRP,4,2.6267e+09,3896,coinmetrics
2025-09-01,DOGE,5,1.01725e+09,3896,coinmetrics
2025-09-01,SUI,6,6.28605e+08,852,binance
2025-09-01,BNB,7,6.14e+08,2970,coinmetrics
2025-09-01,PEPE,8,4.97935e+08,850,binance
2025-09-01,ADA,9,4.40915e+08,2831,coinmetrics
2025-09-01,TRX,10,3.4955e+08,2625,coinmetrics
2025-09-01,PENGU,11,3.12855e+08,258,binance
2025-09-01,LINK,12,3.06005e+08,2894,coinmetrics
2025-09-01,ENA,13,2.33935e+08,517,binance
2025-09-01,LTC,14,2.23525e+08,3896,coinmetrics
2025-09-01,AVAX,15,2.2236e+08,1804,coinmetrics
2025-09-01,AAVE,16,2.1222e+08,1787,coinmetrics
2025-09-01,HBAR,17,2.1194e+08,2164,binance
2025-09-01,UNI,18,2.0577e+08,1809,coinmetrics
2025-09-01,BONK,19,2.00975e+08,626,binance
2025-09-01,XLM,20,1.9164e+08,3624,coinmetrics
2025-10-01,BTC,1,1.3095e+10,3926,coinmetrics
2025-10-01,ETH,2,1.23145e+10,3707,coinmetrics
2025-10-01,SOL,3,3.685e+09,1877,binance
2025-10-01,XRP,4,3.44275e+09,3926,coinmetrics
2025-10-01,DOGE,5,1.3801e+09,3926,coinmetrics
2025-10-01,BNB,6,8.7366e+08,3000,coinmetrics
2025-10-01,SUI,7,6.41205e+08,882,binance
2025-10-01,ADA,8,5.93255e+08,2861,coinmetrics
2025-10-01,LINK,9,4.3306e+08,2924,coinmetrics
2025-10-01,PEPE,10,3.8768e+08,880,binance
2025-10-01,ENA,11,3.66925e+08,547,binance
2025-10-01,TRX,12,3.3542e+08,2655,coinmetrics
2025-10-01,PENGU,13,3.1381e+08,288,binance
2025-10-01,AVAX,14,2.9083e+08,1834,coinmetrics
2025-10-01,LTC,15,2.5278e+08,3926,coinmetrics
2025-10-01,HBAR,16,2.39635e+08,2194,binance
2025-10-01,BONK,17,2.1901e+08,656,binance
2025-10-01,XLM,18,2.0007e+08,3654,coinmetrics
2025-10-01,AAVE,19,1.9079e+08,1817,coinmetrics
2025-10-01,TRUMP,20,1.75e+08,255,binance
2025-11-01,BTC,1,1.45115e+10,3957,coinmetrics
2025-11-01,ETH,2,1.253e+10,3738,coinmetrics
2025-11-01,SOL,3,3.76045e+09,1908,binance
2025-11-01,XRP,4,3.13855e+09,3957,coinmetrics
2025-11-01,DOGE,5,1.46015e+09,3957,coinmetrics
2025-11-01,BNB,6,1.078e+09,3031,coinmetrics
2025-11-01,SUI,7,5.78205e+08,913,binance
2025-11-01,ADA,8,5.40345e+08,2892,coinmetrics
2025-11-01,LINK,9,4.8539e+08,2955,coinmetrics
2025-11-01,TRX,10,3.24075e+08,2686,coinmetrics
2025-11-01,ENA,11,3.14075e+08,578,binance
2025-11-01,AVAX,12,3.03285e+08,1865,coinmetrics
2025-11-01,PEPE,13,2.98115e+08,911,binance
2025-11-01,LTC,14,2.56715e+08,3957,coinmetrics
2025-11-01,PENGU,15,2.25545e+08,319,binance
2025-11-01,HBAR,16,1.92665e+08,2225,binance
2025-11-01,XLM,17,1.7573e+08,3685,coinmetrics
2025-11-01,AAVE,18,1.73305e+08,1848,coinmetrics
2025-11-01,BONK,19,1.5704e+08,687,binance
2025-11-01,TRUMP,20,1.55875e+08,286,binance
2025-12-01,BTC,1,1.64375e+10,3987,coinmetrics
2025-12-01,ETH,2,1.12315e+10,3768,coinmetrics
2025-12-01,SOL,3,3.4825e+09,1938,binance
2025-12-01,XRP,4,2.98355e+09,3987,coinmetrics
2025-12-01,DOGE,5,1.1921e+09,3987,coinmetrics
2025-12-01,BNB,6,1.09795e+09,3061,coinmetrics
2025-12-01,SUI,7,4.61015e+08,943,binance
2025-12-01,ADA,8,4.20445e+08,2922,coinmetrics
2025-12-01,LINK,9,4.07225e+08,2985,coinmetrics
2025-12-01,ZEC,10,3.63095e+08,3320,coinmetrics
2025-12-01,TRX,11,2.94845e+08,2716,coinmetrics
2025-12-01,AVAX,12,2.63775e+08,1895,coinmetrics
2025-12-01,LTC,13,2.61035e+08,3987,coinmetrics
2025-12-01,PEPE,14,2.2371e+08,941,binance
2025-12-01,ENA,15,1.9843e+08,608,binance
2025-12-01,HBAR,16,1.7665e+08,2255,binance
2025-12-01,WLFI,17,1.68e+08,91,binance
2025-12-01,PENGU,18,1.65385e+08,349,binance
2025-12-01,AAVE,19,1.4459e+08,1878,coinmetrics
2025-12-01,TRUMP,20,1.34555e+08,316,binance
2026-01-01,BTC,1,1.58255e+10,4018,coinmetrics
2026-01-01,ETH,2,9.68225e+09,3799,coinmetrics
2026-01-01,SOL,3,2.63865e+09,1969,binance
2026-01-01,XRP,4,2.34295e+09,4018,coinmetrics
2026-01-01,BNB,5,8.7829e+08,3092,coinmetrics
2026-01-01,DOGE,6,7.89355e+08,4018,coinmetrics
2026-01-01,ZEC,7,5.3331e+08,3351,coinmetrics
2026-01-01,SUI,8,4.08165e+08,974,binance
2026-01-01,LINK,9,3.3969e+08,3016,coinmetrics
2026-01-01,ADA,10,3.10855e+08,2953,coinmetrics
2026-01-01,LTC,11,2.3e+08,4018,coinmetrics
2026-01-01,TRX,12,2.2105e+08,2747,coinmetrics
2026-01-01,AVAX,13,1.84885e+08,1926,coinmetrics
2026-01-01,PEPE,14,1.69025e+08,972,binance
2026-01-01,HBAR,15,1.58535e+08,2286,binance
2026-01-01,XPL,16,1.4978e+08,98,binance
2026-01-01,BCH,17,1.45575e+08,3075,coinmetrics
2026-01-01,PUMP,18,1.395e+08,112,binance
2026-01-01,ENA,19,1.3898e+08,639,binance
2026-01-01,AAVE,20,1.2977e+08,1909,coinmetrics
2026-02-01,BTC,1,1.40195e+10,4049,coinmetrics
2026-02-01,ETH,2,7.9513e+09,3830,coinmetrics
2026-02-01,SOL,3,2.11125e+09,2000,binance
2026-02-01,XRP,4,1.94245e+09,4049,coinmetrics
2026-02-01,BNB,5,6.8308e+08,3123,coinmetrics
2026-02-01,DOGE,6,6.56335e+08,4049,coinmetrics
2026-02-01,ZEC,7,4.64495e+08,3382,coinmetrics
2026-02-01,SUI,8,3.8076e+08,1005,binance
2026-02-01,LINK,9,2.4995e+08,3047,coinmetrics
2026-02-01,ADA,10,2.29825e+08,2984,coinmetrics
2026-02-01,LTC,11,1.87425e+08,4049,coinmetrics
2026-02-01,TRX,12,1.7718e+08,2778,coinmetrics
2026-02-01,PEPE,13,1.54795e+08,1003,binance
2026-02-01,AVAX,14,1.50235e+08,1957,coinmetrics
2026-02-01,BCH,15,1.47e+08,3106,coinmetrics
2026-02-01,AAVE,16,1.17715e+08,1940,coinmetrics
2026-02-01,HBAR,17,1.13645e+08,2317,binance
2026-02-01,ASTER,18,1.1042e+08,118,binance
2026-02-01,ENA,19,9.96775e+07,670,binance
2026-02-01,XMR,20,9.9673e+07,4049,coinmetrics
2026-03-01,BTC,1,1.32005e+10,4077,coinmetrics
2026-03-01,ETH,2,7.0819e+09,3858,coinmetrics
2026-03-01,SOL,3,1.70425e+09,2028,binance
2026-03-01,XRP,4,1.63755e+09,4077,coinmetrics
2026-03-01,BNB,5,5.3908e+08,3151,coinmetrics
2026-03-01,DOGE,6,5.2442e+08,4077,coinmetrics
2026-03-01,ZEC,7,3.24975e+08,3410,coinmetrics
2026-03-01,SUI,8,2.97925e+08,1033,binance
2026-03-01,ADA,9,1.94135e+08,3012,coinmetrics
2026-03-01,LINK,10,1.7271e+08,3075,coinmetrics
2026-03-01,TRX,11,1.65175e+08,2806,coinmetrics
2026-03-01,PEPE,12,1.44875e+08,1031,binance
2026-03-01,BCH,13,1.34155e+08,3134,coinmetrics
2026-03-01,LTC,14,1.3362e+08,4077,coinmetrics
2026-03-01,AAVE,15,1.2621e+08,1968,coinmetrics
2026-03-01,AVAX,16,1.23635e+08,1985,coinmetrics
2026-03-01,HBAR,17,8.3936e+07,2345,binance
2026-03-01,UNI,18,8.28625e+07,1990,coinmetrics
2026-03-01,PENGU,19,7.6741e+07,439,binance
2026-03-01,ASTER,20,7.17755e+07,146,binance
2026-04-01,BTC,1,1.24485e+10,4108,coinmetrics
2026-04-01,ETH,2,6.82225e+09,3889,coinmetrics
2026-04-01,XRP,3,1.4419e+09,4108,coinmetrics
2026-04-01,SOL,4,1.37175e+09,2059,binance
2026-04-01,BNB,5,4.62745e+08,3182,coinmetrics
2026-04-01,DOGE,6,4.49905e+08,4108,coinmetrics
2026-04-01,ZEC,7,2.28035e+08,3441,coinmetrics
2026-04-01,SUI,8,2.1994e+08,1064,binance
2026-04-01,ADA,9,1.78685e+08,3043,coinmetrics
2026-04-01,TRX,10,1.434e+08,2837,coinmetrics
2026-04-01,PEPE,11,1.43005e+08,1062,binance
2026-04-01,LINK,12,1.40275e+08,3106,coinmetrics
2026-04-01,AAVE,13,1.2226e+08,1999,coinmetrics
2026-04-01,LTC,14,1.04395e+08,4108,coinmetrics
2026-04-01,AVAX,15,9.88385e+07,2016,coinmetrics
2026-04-01,BCH,16,8.8356e+07,3165,coinmetrics
2026-04-01,HBAR,17,7.001e+07,2376,binance
2026-04-01,TAO,18,6.8235e+07,720,binance
2026-04-01,NEAR,19,6.7247e+07,1995,binance
2026-04-01,UNI,20,6.4026e+07,2021,coinmetrics
2026-05-01,BTC,1,1.04105e+10,4138,coinmetrics
2026-05-01,ETH,2,5.3796e+09,3919,coinmetrics
2026-05-01,SOL,3,1.18555e+09,2089,binance
2026-05-01,XRP,4,1.05965e+09,4138,coinmetrics
2026-05-01,DOGE,5,3.56715e+08,4138,coinmetrics
2026-05-01,BNB,6,2.67625e+08,3212,coinmetrics
2026-05-01,ZEC,7,1.8937e+08,3471,coinmetrics
2026-05-01,SUI,8,1.49305e+08,1094,binance
2026-05-01,ADA,9,1.40675e+08,3073,coinmetrics
2026-05-01,AAVE,10,1.19955e+08,2029,coinmetrics
2026-05-01,PEPE,11,1.1926e+08,1092,binance
2026-05-01,TRX,12,1.18e+08,2867,coinmetrics
2026-05-01,LINK,13,1.17945e+08,3136,coinmetrics
2026-05-01,TAO,14,8.9522e+07,750,binance
2026-05-01,AVAX,15,7.96645e+07,2046,coinmetrics
2026-05-01,LTC,16,7.94765e+07,4138,coinmetrics
2026-05-01,NEAR,17,6.7247e+07,2025,binance
2026-05-01,BCH,18,5.92165e+07,3195,coinmetrics
2026-05-01,XMR,19,5.36495e+07,4138,coinmetrics
2026-05-01,PENGU,20,5.10405e+07,500,binance
2026-06-01,BTC,1,8.86195e+09,4169,coinmetrics
2026-06-01,ETH,2,4.5181e+09,3950,coinmetrics
2026-06-01,SOL,3,9.84085e+08,2120,binance
2026-06-01,XRP,4,8.1197e+08,4169,coinmetrics
2026-06-01,DOGE,5,3.2745e+08,4169,coinmetrics
2026-06-01,BNB,6,2.4851e+08,3243,coinmetrics
2026-06-01,ZEC,7,2.35525e+08,3502,coinmetrics
2026-06-01,SUI,8,1.403e+08,1125,binance
2026-06-01,ADA,9,1.2551e+08,3104,coinmetrics
2026-06-01,TRX,10,1.1899e+08,2898,coinmetrics
2026-06-01,LINK,11,1.1594e+08,3167,coinmetrics
2026-06-01,TAO,12,1.082e+08,781,binance
2026-06-01,PEPE,13,1.0426e+08,1123,binance
2026-06-01,AAVE,14,8.98315e+07,2060,coinmetrics
2026-06-01,NEAR,15,7.625e+07,2056,binance
2026-06-01,LTC,16,7.02875e+07,4169,coinmetrics
2026-06-01,AVAX,17,6.8122e+07,2077,coinmetrics
2026-06-01,XMR,18,5.9444e+07,4169,coinmetrics
2026-06-01,PENGU,19,5.0599e+07,531,binance
2026-06-01,DOT,20,4.98725e+07,2111,coinmetrics
2026-07-01,BTC,1,8.80395e+09,4199,coinmetrics
2026-07-01,ETH,2,3.9197e+09,3980,coinmetrics
2026-07-01,SOL,3,9.44915e+08,2150,binance
2026-07-01,XRP,4,7.43265e+08,4199,coinmetrics
2026-07-01,ZEC,5,3.0261e+08,3532,coinmetrics
2026-07-01,DOGE,6,2.9798e+08,4199,coinmetrics
2026-07-01,BNB,7,2.13315e+08,3273,coinmetrics
2026-07-01,SUI,8,1.42785e+08,1155,binance
2026-07-01,TRX,9,1.28665e+08,2928,coinmetrics
2026-07-01,ADA,10,1.237e+08,3134,coinmetrics
2026-07-01,NEAR,11,1.07665e+08,2086,binance
2026-07-01,LINK,12,9.9016e+07,3197,coinmetrics
2026-07-01,TAO,13,9.62665e+07,811,binance
2026-07-01,PEPE,14,7.88315e+07,1153,binance
2026-07-01,AAVE,15,7.37135e+07,2090,coinmetrics
2026-07-01,WLD,16,7.28195e+07,1073,binance
2026-07-01,LTC,17,6.86215e+07,4199,coinmetrics
2026-07-01,XMR,18,6.6909e+07,4199,coinmetrics
2026-07-01,AVAX,19,6.62105e+07,2107,coinmetrics
2026-07-01,ONDO,20,5.99325e+07,446,binance
2026-08-01,BTC,1,7.31355e+09,4230,coinmetrics
2026-08-01,ETH,2,3.2886e+09,4011,coinmetrics
2026-08-01,SOL,3,8.35845e+08,2181,binance
2026-08-01,XRP,4,6.1679e+08,4230,coinmetrics
2026-08-01,ZEC,5,2.91945e+08,3563,coinmetrics
2026-08-01,BNB,6,2.039e+08,3304,coinmetrics
2026-08-01,DOGE,7,2e+08,4230,coinmetrics
2026-08-01,SUI,8,1.32105e+08,1186,binance
2026-08-01,TRX,9,1.18135e+08,2959,coinmetrics
2026-08-01,NEAR,10,1.1618e+08,2117,binance
2026-08-01,ADA,11,1.146e+08,3165,coinmetrics
2026-08-01,WLD,12,1.11025e+08,1104,binance
2026-08-01,ONDO,13,8.79815e+07,477,binance
2026-08-01,LINK,14,7.95785e+07,3228,coinmetrics
2026-08-01,XLM,15,7.6407e+07,3958,coinmetrics
2026-08-01,TAO,16,7.5548e+07,842,binance
2026-08-01,LTC,17,7.0116e+07,4230,coinmetrics
2026-08-01,AAVE,18,6.5031e+07,2121,coinmetrics
2026-08-01,XMR,19,6.2418e+07,4230,coinmetrics
2026-08-01,PEPE,20,5.7129e+07,1184,binance
2026-09-01,BTC,1,6.59735e+09,4261,coinmetrics
2026-09-01,ETH,2,2.91465e+09,4042,coinmetrics
2026-09-01,SOL,3,7.0944e+08,2212,binance
2026-09-01,XRP,4,5.3741e+08,4261,coinmetrics
2026-09-01,ZEC,5,2.40315e+08,3594,coinmetrics
2026-09-01,BNB,6,1.7414e+08,3335,coinmetrics
2026-09-01,DOGE,7,1.69365e+08,4261,coinmetrics
2026-09-01,WLD,8,1.14945e+08,1135,binance
2026-09-01,ADA,9,1.12445e+08,3196,coinmetrics
2026-09-01,TRX,10,9.3886e+07,2990,coinmetrics
2026-09-01,NEAR,11,8.8933e+07,2148,binance
2026-09-01,SUI,12,8.7386e+07,1217,binance
2026-09-01,XLM,13,7.6407e+07,3989,coinmetrics
2026-09-01,LINK,14,7.0021e+07,3259,coinmetrics
2026-09-01,LTC,15,6.5978e+07,4261,coinmetrics
2026-09-01,AAVE,16,6.4421e+07,2152,coinmetrics
2026-09-01,XMR,17,5.5405e+07,4261,coinmetrics
2026-09-01,ONDO,18,5.4897e+07,508,binance
2026-09-01,UNI,19,5.42075e+07,2174,coinmetrics
2026-09-01,ENA,20,5.3257e+07,882,binance
