source,key,origin,fetched_at,file,url
coinmetrics,00,history-store,2026-09-29T01:38:29Z,data/history/coinmetrics/manifest.json,https://community-api.coinmetrics.io/v4/timeseries/asset-metrics
coinmetrics,0g,history-store,2026-09-29T01:38:29Z,data/history/coinmetrics/manifest.json,https://community-api.coinmetrics.io/v4/timeseries/asset-metrics
coinmetrics,1,history-store,2026-09-29T01:38:29Z,data/history/coinmetrics/manifest.json,https://community-api.coinmetrics.io/v4/timeseries/asset-metrics
coinmetrics,1000sats,history-store,2026-09-29T01:38:29Z,data/history/coinmetrics/manifest.json,https://community-api.coinmetrics.io/v4/timeseries/asset-metrics
coinmetrics,10set,history-store,2026-09-29T01:38:29Z,data/history/coinmetrics/manifest.json,https://community-api.coinmetrics.io/v4/timeseries/asset-metrics
coinmetrics,1cat,history-store,2026-09-29T01:38:29Z,data/history/coinmetrics/manifest.json,https://community-api.coinmetrics.io/v4/timeseries/asset-metrics
coinmetrics,1inch,history-store,2026-09-29T01:38:29Z,data/history/coinmetrics/manifest.json,https://community-api.coinmetrics.io/v4/timeseries/asset-metrics
coinmetrics,1mbabydoge,history-store,2026-09-29T01:38:29Z,data/history/coinmetrics/manifest.json,https://community-api.coinmetrics.io/v4/timeseries/asset-metrics
coinmetrics,2z,history-store,2026-09-29T01:38:29Z,data/history/coinmetrics/manifest.json,https://community-api.coinmetrics.io/v4/timeseries/asset-metrics
coinmetrics,4,history-store,2026-09-29T01:38:29Z,data/history/coinmetrics/manifest.json,https://community-api.coinmetrics.io/v4/timeseries/asset-metrics
coinmetrics,42,history-store,2026-09-29T01:38:29Z,data/history/coinmetrics/manifest.json,https://community-api.coinmetrics.io/v4/timeseries/asset-metrics
coinmetrics,4stock,history-store,2026-09-29T01:38:29Z,data/history/coinmetrics/manifest.json,https://community-api.coinmetrics.io/v4/timeseries/asset-metrics
coinmetrics,a,history-store,2026-09-29T01:38:29Z,data/history/coinmetrics/manifest.json,https://community-api.coinmetrics.io/v4/timeseries/asset-metrics
coinmetrics,a2z,history-store,2026-09-29T01:38:29Z,data/history/coinmetrics/manifest.json,https://community-api.coinmetrics.io/v4/timeseries/asset-metrics
coinmetrics,a47,history-store,2026-09-29T01:38:29Z,data/history/coinmetrics/manifest.json,https://community-api.coinmetrics.io/v4/timeseries/asset-metrics
coinmetrics,a8,history-store,2026-09-29T01:38:29Z,data/history/coinmetrics/manifest.json,https://community-api.coinmetrics.io/v4/timeseries/asset-metrics
coinmetrics,aaa,history-store,2026-09-29T01:38:29Z,data/history/coinmetrics/manifest.json,https://community-api.coinmetrics.io/v4/timeseries/asset-metrics
coinmetrics,aark,history-store,2026-09-29T01:38:29Z,data/history/coinmetrics/manifest.json,https://community-api.coinmetrics.io/v4/timeseries/asset-metrics
coinmetrics,aave,history-store,2026-09-29T01:38:29Z,data/history/coinmetrics/manifest.json,https://community-api.coinmetrics.io/v4/timeseries/asset-metrics
coinmetrics,aave0,history-store,2026-09-29T01:38:29Z,data/history/coinmetrics/manifest.json,https://community-api.coinmetrics.io/v4/timeseries/asset-metrics
coinmetrics,aave3l,history-store,2026-09-29T01:38:29Z,data/history/coinmetrics/manifest.json,https://community-api.coinmetrics.io/v4/timeseries/asset-metrics
coinmetrics,aave3s,history-store,2026-09-29T01:38:29Z,data/history/coinmetrics/manifest.json,https://community-api.coinmetrics.io/v4/timeseries/asset-metrics
coinmetrics,ab,history-store,2026-09-29T01:38:29Z,data/history/coinmetrics/manifest.json,https://community-api.coinmetrics.io/v4/timeseries/asset-metrics
coinmetrics,abbc,history-store,2026-09-29T01:38:29Z,data/history/coinmetrics/manifest.json,https://community-api.coinmetrics.io/v4/timeseries/asset-metrics
coinmetrics,abt,history-store,2026-09-29T01:38:29Z,data/history/coinmetrics/manifest.json,https://community-api.coinmetrics.io/v4/timeseries/asset-metrics
coinmetrics,ac,history-store,2026-09-29T01:38:29Z,data/history/coinmetrics/manifest.json,https://community-api.coinmetrics.io/v4/timeseries/asset-metrics
coinmetrics,aca,history-store,2026-09-29T01:38:29Z,data/history/coinmetrics/manifest.json,https://community-api.coinmetrics.io/v4/timeseries/asset-metrics
coinmetrics,ace,history-store,2026-09-29T01:38:29Z,data/history/coinmetrics/manifest.json,https://community-api.coinmetrics.io/v4/timeseries/asset-metrics
coinmetrics,ace_fusionist,history-store,2026-09-29T01:38:29Z,data/history/coinmetrics/manifest.json,https://community-api.coinmetrics.io/v4/timeseries/asset-metrics
coinmetrics,ach,history-store,2026-09-29T01:38:29Z,data/history/coinmetrics/manifest.json,https://community-api.coinmetrics.io/v4/timeseries/asset-metrics
coinmetrics,act,history-store,2026-09-29T01:38:29Z,data/history/coinmetrics/manifest.json,https://community-api.coinmetrics.io/v4/timeseries/asset-metrics
coinmetrics,ada,history-store,2026-09-29T01:38:29Z,data/history/coinmetrics/manifest.json,https://community-api.coinmetrics.io/v4/timeseries/asset-metrics
coinmetrics,adx,history-store,2026-09-29T01:38:29Z,data/history/coinmetrics/manifest.json,https://community-api.coinmetrics.io/v4/timeseries/asset-metrics
coinmetrics,ae,history-store,2026-09-29T01:38:29Z,data/history/coinmetrics/manifest.json,https://community-api.coinmetrics.io/v4/timeseries/asset-metrics
coinmetrics,ae_eth,history-store,2026-09-29T01:38:29Z,data/history/coinmetrics/manifest.json,https://community-api.coinmetrics.io/v4/timeseries/asset-metrics
coinmetrics,agix,history-store,2026-09-29T01:38:29Z,data/history/coinmetrics/manifest.json,https://community-api.coinmetrics.io/v4/timeseries/asset-metrics
coinmetrics,aion,history-store,2026-09-29T01:38:29Z,data/history/coinmetrics/manifest.json,https://community-api.coinmetrics.io/v4/timeseries/asset-metrics
coinmetrics,aion_eth,history-store,2026-09-29T01:38:29Z,data/history/coinmetrics/manifest.json,https://community-api.coinmetrics.io/v4/timeseries/asset-metrics
coinmetrics,aixbt,history-store,2026-09-29T01:38:29Z,data/history/coinmetrics/manifest.json,https://community-api.coinmetrics.io/v4/timeseries/asset-metrics
coinmetrics,algo,history-store,2026-09-29T01:38:29Z,data/history/coinmetrics/manifest.json,https://community-api.coinmetrics.io/v4/timeseries/asset-metrics
coinmetrics,alice,history-store,2026-09-29T01:38:29Z,data/history/coinmetrics/manifest.json,https://community-api.coinmetrics.io/v4/timeseries/asset-metrics
coinmetrics,allo,history-store,2026-09-29T01:38:29Z,data/history/coinmetrics/manifest.json,https://community-api.coinmetrics.io/v4/timeseries/asset-metrics
coinmetrics,alpha,history-store,2026-09-29T01:38:29Z,data/history/coinmetrics/manifest.json,https://community-api.coinmetrics.io/v4/timeseries/asset-metrics
coinmetrics,amp,history-store,2026-09-29T01:38:29Z,data/history/coinmetrics/manifest.json,https://community-api.coinmetrics.io/v4/timeseries/asset-metrics
coinmetrics,anc,history-store,2026-09-29T01:38:29Z,data/history/coinmetrics/manifest.json,https://community-api.coinmetrics.io/v4/timeseries/asset-metrics
coinmetrics,ankr,history-store,2026-09-29T01:38:29Z,data/history/coinmetrics/manifest.json,https://community-api.coinmetrics.io/v4/timeseries/asset-metrics
coinmetrics,ant,history-store,2026-09-29T01:38:29Z,data/history/coinmetrics/manifest.json,https://community-api.coinmetrics.io/v4/timeseries/asset-metrics
coinmetrics,ape,history-store,2026-09-29T01:38:29Z,data/history/coinmetrics/manifest.json,https://community-api.coinmetrics.io/v4/timeseries/asset-metrics
coinmetrics,apex,history-store,2026-09-29T01:38:29Z,data/history/coinmetrics/manifest.json,https://community-api.coinmetrics.io/v4/timeseries/asset-metrics
coinmetrics,appc,history-store,2026-09-29T01:38:29Z,data/history/coinmetrics/manifest.json,https://community-api.coinmetrics.io/v4/timeseries/asset-metrics
coinmetrics,apt,history-store,2026-09-29T01:38:29Z,data/history/coinmetrics/manifest.json,https://community-api.coinmetrics.io/v4/timeseries/asset-metrics
coinmetrics,arb,history-store,2026-09-29T01:38:29Z,data/history/coinmetrics/manifest.json,https://community-api.coinmetrics.io/v4/timeseries/asset-metrics
coinmetrics,ardr,history-store,2026-09-29T01:38:29Z,data/history/coinmetrics/manifest.json,https://community-api.coinmetrics.io/v4/timeseries/asset-metrics
coinmetrics,ark,history-store,2026-09-29T01:38:29Z,data/history/coinmetrics/manifest.json,https://community-api.coinmetrics.io/v4/timeseries/asset-metrics
coinmetrics,arpa,history-store,2026-09-29T01:38:29Z,data/history/coinmetrics/manifest.json,https://community-api.coinmetrics.io/v4/timeseries/asset-metrics
coinmetrics,aster,history-store,2026-09-29T01:38:29Z,data/history/coinmetrics/manifest.json,https://community-api.coinmetrics.io/v4/timeseries/asset-metrics
coinmetrics,astr,history-store,2026-09-29T01:38:29Z,data/history/coinmetrics/manifest.json,https://community-api.coinmetrics.io/v4/timeseries/asset-metrics
coinmetrics,atom,history-store,2026-09-29T01:38:29Z,data/history/coinmetrics/manifest.json,https://community-api.coinmetrics.io/v4/timeseries/asset-metrics
coinmetrics,avax,history-store,2026-09-29T01:38:29Z,data/history/coinmetrics/manifest.json,https://community-api.coinmetrics.io/v4/timeseries/asset-metrics
coinmetrics,avaxc,history-store,2026-09-29T01:38:29Z,data/history/coinmetrics/manifest.json,https://community-api.coinmetrics.io/v4/timeseries/asset-metrics
coinmetrics,avnt,history-store,2026-09-29T01:38:29Z,data/history/coinmetrics/manifest.json,https://community-api.coinmetrics.io/v4/timeseries/asset-metrics
coinmetrics,avt,history-store,2026-09-29T01:38:29Z,data/history/coinmetrics/manifest.json,https://community-api.coinmetrics.io/v4/timeseries/asset-metrics
coinmetrics,axs,history-store,2026-09-29T01:38:29Z,data/history/coinmetrics/manifest.json,https://community-api.coinmetrics.io/v4/timeseries/asset-metrics
coinmetrics,bake,history-store,2026-09-29T01:38:29Z,data/history/coinmetrics/manifest.json,https://community-api.coinmetrics.io/v4/timeseries/asset-metrics
coinmetrics,bal,history-store,2026-09-29T01:38:29Z,data/history/coinmetrics/manifest.json,https://community-api.coinmetrics.io/v4/timeseries/asset-metrics
coinmetrics,band,history-store,2026-09-29T01:38:29Z,data/history/coinmetrics/manifest.json,https://community-api.coinmetrics.io/v4/timeseries/asset-metrics
coinmetrics,bard,history-store,2026-09-29T01:38:29Z,data/history/coinmetrics/manifest.json,https://community-api.coinmetrics.io/v4/timeseries/asset-metrics
coinmetrics,bat,history-store,2026-09-29T01:38:29Z,data/history/coinmetrics/manifest.json,https://community-api.coinmetrics.io/v4/timeseries/asset-metrics
coinmetrics,bcd,history-store,2026-09-29T01:38:29Z,data/history/coinmetrics/manifest.json,https://community-api.coinmetrics.io/v4/timeseries/asset-metrics
coinmetrics,bch,history-store,2026-09-29T01:38:29Z,data/history/coinmetrics/manifest.json,https://community-api.coinmetrics.io/v4/timeseries/asset-metrics
coinmetrics,bcn,history-store,2026-09-29T01:38:29Z,data/history/coinmetrics/manifest.json,https://community-api.coinmetrics.io/v4/timeseries/asset-metrics
coinmetrics,bcpt,history-store,2026-09-29T01:38:29Z,data/history/coinmetrics/manifest.json,https://community-api.coinmetrics.io/v4/timeseries/asset-metrics
coinmetrics,bera,history-store,2026-09-29T01:38:29Z,data/history/coinmetrics/manifest.json,https://community-api.coinmetrics.io/v4/timeseries/asset-metrics
coinmetrics,bgb,history-store,2026-09-29T01:38:29Z,data/history/coinmetrics/manifest.json,https://community-api.coinmetrics.io/v4/timeseries/asset-metrics
coinmetrics,bit,history-store,2026-09-29T01:38:29Z,data/history/coinmetrics/manifest.json,https://community-api.coinmetrics.io/v4/timeseries/asset-metrics
coinmetrics,blur,history-store,2026-09-29T01:38:29Z,data/history/coinmetrics/manifest.json,https://community-api.coinmetrics.io/v4/timeseries/asset-metrics
coinmetrics,blz,history-store,2026-09-29T01:38:29Z,data/history/coinmetrics/manifest.json,https://community-api.coinmetrics.io/v4/timeseries/asset-metrics
coinmetrics,bnb,history-store,2026-09-29T01:38:29Z,data/history/coinmetrics/manifest.json,https://community-api.coinmetrics.io/v4/timeseries/asset-metrics
coinmetrics,bnt,history-store,2026-09-29T01:38:29Z,data/history/coinmetrics/manifest.json,https://community-api.coinmetrics.io/v4/timeseries/asset-metrics
coinmetrics,bome,history-store,2026-09-29T01:38:29Z,data/history/coinmetrics/manifest.json,https://community-api.coinmetrics.io/v4/timeseries/asset-metrics
coinmetrics,bonk,history-store,2026-09-29T01:38:29Z,data/history/coinmetrics/manifest.json,https://community-api.coinmetrics.io/v4/timeseries/asset-metrics
coinmetrics,bsv,history-store,2026-09-29T01:38:29Z,data/history/coinmetrics/manifest.json,https://community-api.coinmetrics.io/v4/timeseries/asset-metrics
coinmetrics,btc,history-store,2026-09-29T01:38:29Z,data/history/coinmetrics/manifest.json,https://community-api.coinmetrics.io/v4/timeseries/asset-metrics
coinmetrics,btg,history-store,2026-09-29T01:38:29Z,data/history/coinmetrics/manifest.json,https://community-api.coinmetrics.io/v4/timeseries/asset-metrics
coinmetrics,btm,history-store,2026-09-29T01:38:29Z,data/history/coinmetrics/manifest.json,https://community-api.coinmetrics.io/v4/timeseries/asset-metrics
coinmetrics,btm_eth,history-store,2026-09-29T01:38:29Z,data/history/coinmetrics/manifest.json,https://community-api.coinmetrics.io/v4/timeseries/asset-metrics
coinmetrics,bts,history-store,2026-09-29T01:38:29Z,data/history/coinmetrics/manifest.json,https://community-api.coinmetrics.io/v4/timeseries/asset-metrics
coinmetrics,btt,history-store,2026-09-29T01:38:29Z,data/history/coinmetrics/manifest.json,https://community-api.coinmetrics.io/v4/timeseries/asset-metrics
coinmetrics,bttc,history-store,2026-09-29T01:38:29Z,data/history/coinmetrics/manifest.json,https://community-api.coinmetrics.io/v4/timeseries/asset-metrics
coinmetrics,cake,history-store,2026-09-29T01:38:29Z,data/history/coinmetrics/manifest.json,https://community-api.coinmetrics.io/v4/timeseries/asset-metrics
coinmetrics,celr,history-store,2026-09-29T01:38:29Z,data/history/coinmetrics/manifest.json,https://community-api.coinmetrics.io/v4/timeseries/asset-metrics
coinmetrics,cfx,history-store,2026-09-29T01:38:29Z,data/history/coinmetrics/manifest.json,https://community-api.coinmetrics.io/v4/timeseries/asset-metrics
coinmetrics,chz,history-store,2026-09-29T01:38:29Z,data/history/coinmetrics/manifest.json,https://community-api.coinmetrics.io/v4/timeseries/asset-metrics
coinmetrics,cmt,history-store,2026-09-29T01:38:29Z,data/history/coinmetrics/manifest.json,https://community-api.coinmetrics.io/v4/timeseries/asset-metrics
coinmetrics,cnd,history-store,2026-09-29T01:38:29Z,data/history/coinmetrics/manifest.json,https://community-api.coinmetrics.io/v4/timeseries/asset-metrics
coinmetrics,comp,history-store,2026-09-29T01:38:29Z,data/history/coinmetrics/manifest.json,https://community-api.coinmetrics.io/v4/timeseries/asset-metrics
coinmetrics,crc,history-store,2026-09-29T01:38:29Z,data/history/coinmetrics/manifest.json,https://community-api.coinmetrics.io/v4/timeseries/asset-metrics
coinmetrics,cro,history-store,2026-09-29T01:38:29Z,data/history/coinmetrics/manifest.json,https://community-api.coinmetrics.io/v4/timeseries/asset-metrics
coinmetrics,crv,history-store,2026-09-29T01:38:29Z,data/history/coinmetrics/manifest.json,https://community-api.coinmetrics.io/v4/timeseries/asset-metrics
coinmetrics,ctc,history-store,2026-09-29T01:38:29Z,data/history/coinmetrics/manifest.json,https://community-api.coinmetrics.io/v4/timeseries/asset-metrics
coinmetrics,ctxc,history-store,2026-09-29T01:38:29Z,data/history/coinmetrics/manifest.json,https://community-api.coinmetrics.io/v4/timeseries/asset-metrics
coinmetrics,cvc,history-store,2026-09-29T01:38:29Z,data/history/coinmetrics/manifest.json,https://community-api.coinmetrics.io/v4/timeseries/asset-metrics
coinmetrics,dash,history-store,2026-09-29T01:38:29Z,data/history/coinmetrics/manifest.json,https://community-api.coinmetrics.io/v4/timeseries/asset-metrics
coinmetrics,dcr,history-store,2026-09-29T01:38:29Z,data/history/coinmetrics/manifest.json,https://community-api.coinmetrics.io/v4/timeseries/asset-metrics
coinmetrics,dent,history-store,2026-09-29T01:38:29Z,data/history/coinmetrics/manifest.json,https://community-api.coinmetrics.io/v4/timeseries/asset-metrics
coinmetrics,dgb,history-store,2026-09-29T01:38:29Z,data/history/coinmetrics/manifest.json,https://community-api.coinmetrics.io/v4/timeseries/asset-metrics
coinmetrics,dgd,history-store,2026-09-29T01:38:29Z,data/history/coinmetrics/manifest.json,https://community-api.coinmetrics.io/v4/timeseries/asset-metrics
coinmetrics,dnt,history-store,2026-09-29T01:38:29Z,data/history/coinmetrics/manifest.json,https://community-api.coinmetrics.io/v4/timeseries/asset-metrics
coinmetrics,dock,history-store,2026-09-29T01:38:29Z,data/history/coinmetrics/manifest.json,https://community-api.coinmetrics.io/v4/timeseries/asset-metrics
coinmetrics,doge,history-store,2026-09-29T01:38:29Z,data/history/coinmetrics/manifest.json,https://community-api.coinmetrics.io/v4/timeseries/asset-metrics
coinmetrics,dogs,history-store,2026-09-29T01:38:29Z,data/history/coinmetrics/manifest.json,https://community-api.coinmetrics.io/v4/timeseries/asset-metrics
coinmetrics,dop,history-store,2026-09-29T01:38:29Z,data/history/coinmetrics/manifest.json,https://community-api.coinmetrics.io/v4/timeseries/asset-metrics
coinmetrics,dot,history-store,2026-09-29T01:38:29Z,data/history/coinmetrics/manifest.json,https://community-api.coinmetrics.io/v4/timeseries/asset-metrics
coinmetrics,drgn,history-store,2026-09-29T01:38:29Z,data/history/coinmetrics/manifest.json,https://community-api.coinmetrics.io/v4/timeseries/asset-metrics
coinmetrics,dusk,history-store,2026-09-29T01:38:29Z,data/history/coinmetrics/manifest.json,https://community-api.coinmetrics.io/v4/timeseries/asset-metrics
coinmetrics,dydx,history-store,2026-09-29T01:38:29Z,data/history/coinmetrics/manifest.json,https://community-api.coinmetrics.io/v4/timeseries/asset-metrics
coinmetrics,edu,history-store,2026-09-29T01:38:29Z,data/history/coinmetrics/manifest.json,https://community-api.coinmetrics.io/v4/timeseries/asset-metrics
coinmetrics,egld,history-store,2026-09-29T01:38:29Z,data/history/coinmetrics/manifest.json,https://community-api.coinmetrics.io/v4/timeseries/asset-metrics
coinmetrics,eigen,history-store,2026-09-29T01:38:29Z,data/history/coinmetrics/manifest.json,https://community-api.coinmetrics.io/v4/timeseries/asset-metrics
coinmetrics,elf,history-store,2026-09-29T01:38:29Z,data/history/coinmetrics/manifest.json,https://community-api.coinmetrics.io/v4/timeseries/asset-metrics
coinmetrics,ena,history-store,2026-09-29T01:38:29Z,data/history/coinmetrics/manifest.json,https://community-api.coinmetrics.io/v4/timeseries/asset-metrics
coinmetrics,eng,history-store,2026-09-29T01:38:29Z,data/history/coinmetrics/manifest.json,https://community-api.coinmetrics.io/v4/timeseries/asset-metrics
coinmetrics,enj,history-store,2026-09-29T01:38:29Z,data/history/coinmetrics/manifest.json,https://community-api.coinmetrics.io/v4/timeseries/asset-metrics
coinmetrics,ens,history-store,2026-09-29T01:38:29Z,data/history/coinmetrics/manifest.json,https://community-api.coinmetrics.io/v4/timeseries/asset-metrics
coinmetrics,enso,history-store,2026-09-29T01:38:29Z,data/history/coinmetrics/manifest.json,https://community-api.coinmetrics.io/v4/timeseries/asset-metrics
coinmetrics,eos,history-store,2026-09-29T01:38:29Z,data/history/coinmetrics/manifest.json,https://community-api.coinmetrics.io/v4/timeseries/asset-metrics
coinmetrics,etc,history-store,2026-09-29T01:38:29Z,data/history/coinmetrics/manifest.json,https://community-api.coinmetrics.io/v4/timeseries/asset-metrics
coinmetrics,eth,history-store,2026-09-29T01:38:29Z,data/history/coinmetrics/manifest.json,https://community-api.coinmetrics.io/v4/timeseries/asset-metrics
coinmetrics,ethfi,history-store,2026-09-29T01:38:29Z,data/history/coinmetrics/manifest.json,https://community-api.coinmetrics.io/v4/timeseries/asset-metrics
coinmetrics,ethos,history-store,2026-09-29T01:38:29Z,data/history/coinmetrics/manifest.json,https://community-api.coinmetrics.io/v4/timeseries/asset-metrics
coinmetrics,ethw,history-store,2026-09-29T01:38:29Z,data/history/coinmetrics/manifest.json,https://community-api.coinmetrics.io/v4/timeseries/asset-metrics
coinmetrics,etp,history-store,2026-09-29T01:38:29Z,data/history/coinmetrics/manifest.json,https://community-api.coinmetrics.io/v4/timeseries/asset-metrics
coinmetrics,fartcoin,history-store,2026-09-29T01:38:29Z,data/history/coinmetrics/manifest.json,https://community-api.coinmetrics.io/v4/timeseries/asset-metrics
coinmetrics,fct,history-store,2026-09-29T01:38:29Z,data/history/coinmetrics/manifest.json,https://community-api.coinmetrics.io/v4/timeseries/asset-metrics
coinmetrics,fet,history-store,2026-09-29T01:38:29Z,data/history/coinmetrics/manifest.json,https://community-api.coinmetrics.io/v4/timeseries/asset-metrics
coinmetrics,fil,history-store,2026-09-29T01:38:29Z,data/history/coinmetrics/manifest.json,https://community-api.coinmetrics.io/v4/timeseries/asset-metrics
coinmetrics,floki,history-store,2026-09-29T01:38:29Z,data/history/coinmetrics/manifest.json,https://community-api.coinmetrics.io/v4/timeseries/asset-metrics
coinmetrics,flow,history-store,2026-09-29T01:38:29Z,data/history/coinmetrics/manifest.json,https://community-api.coinmetrics.io/v4/timeseries/asset-metrics
coinmetrics,ftm,history-store,2026-09-29T01:38:29Z,data/history/coinmetrics/manifest.json,https://community-api.coinmetrics.io/v4/timeseries/asset-metrics
coinmetrics,ftn,history-store,2026-09-29T01:38:29Z,data/history/coinmetrics/manifest.json,https://community-api.coinmetrics.io/v4/timeseries/asset-metrics
coinmetrics,ftt,history-store,2026-09-29T01:38:29Z,data/history/coinmetrics/manifest.json,https://community-api.coinmetrics.io/v4/timeseries/asset-metrics
coinmetrics,fun,history-store,2026-09-29T01:38:29Z,data/history/coinmetrics/manifest.json,https://community-api.coinmetrics.io/v4/timeseries/asset-metrics
coinmetrics,gal,history-store,2026-09-29T01:38:29Z,data/history/coinmetrics/manifest.json,https://community-api.coinmetrics.io/v4/timeseries/asset-metrics
coinmetrics,gala,history-store,2026-09-29T01:38:29Z,data/history/coinmetrics/manifest.json,https://community-api.coinmetrics.io/v4/timeseries/asset-metrics
coinmetrics,gas,history-store,2026-09-29T01:38:29Z,data/history/coinmetrics/manifest.json,https://community-api.coinmetrics.io/v4/timeseries/asset-metrics
coinmetrics,ghst,history-store,2026-09-29T01:38:29Z,data/history/coinmetrics/manifest.json,https://community-api.coinmetrics.io/v4/timeseries/asset-metrics
coinmetrics,giggle,history-store,2026-09-29T01:38:29Z,data/history/coinmetrics/manifest.json,https://community-api.coinmetrics.io/v4/timeseries/asset-metrics
coinmetrics,gmt,history-store,2026-09-29T01:38:29Z,data/history/coinmetrics/manifest.json,https://community-api.coinmetrics.io/v4/timeseries/asset-metrics
coinmetrics,gno,history-store,2026-09-29T01:38:29Z,data/history/coinmetrics/manifest.json,https://community-api.coinmetrics.io/v4/timeseries/asset-metrics
coinmetrics,gnt,history-store,2026-09-29T01:38:29Z,data/history/coinmetrics/manifest.json,https://community-api.coinmetrics.io/v4/timeseries/asset-metrics
coinmetrics,goat,history-store,2026-09-29T01:38:29Z,data/history/coinmetrics/manifest.json,https://community-api.coinmetrics.io/v4/timeseries/asset-metrics
coinmetrics,gram,history-store,2026-09-29T01:38:29Z,data/history/coinmetrics/manifest.json,https://community-api.coinmetrics.io/v4/timeseries/asset-metrics
coinmetrics,grin,history-store,2026-09-29T01:38:29Z,data/history/coinmetrics/manifest.json,https://community-api.coinmetrics.io/v4/timeseries/asset-metrics
coinmetrics,grs,history-store,2026-09-29T01:38:29Z,data/history/coinmetrics/manifest.json,https://community-api.coinmetrics.io/v4/timeseries/asset-metrics
coinmetrics,grt,history-store,2026-09-29T01:38:29Z,data/history/coinmetrics/manifest.json,https://community-api.coinmetrics.io/v4/timeseries/asset-metrics
coinmetrics,gt,history-store,2026-09-29T01:38:29Z,data/history/coinmetrics/manifest.json,https://community-api.coinmetrics.io/v4/timeseries/asset-metrics
coinmetrics,gtc_gamecom,history-store,2026-09-29T01:38:29Z,data/history/coinmetrics/manifest.json,https://community-api.coinmetrics.io/v4/timeseries/asset-metrics
coinmetrics,gxs,history-store,2026-09-29T01:38:29Z,data/history/coinmetrics/manifest.json,https://community-api.coinmetrics.io/v4/timeseries/asset-metrics
coinmetrics,h,history-store,2026-09-29T01:38:29Z,data/history/coinmetrics/manifest.json,https://community-api.coinmetrics.io/v4/timeseries/asset-metrics
coinmetrics,hbar,history-store,2026-09-29T01:38:29Z,data/history/coinmetrics/manifest.json,https://community-api.coinmetrics.io/v4/timeseries/asset-metrics
coinmetrics,hc_hypercash,history-store,2026-09-29T01:38:29Z,data/history/coinmetrics/manifest.json,https://community-api.coinmetrics.io/v4/timeseries/asset-metrics
coinmetrics,hedg,history-store,2026-09-29T01:38:29Z,data/history/coinmetrics/manifest.json,https://community-api.coinmetrics.io/v4/timeseries/asset-metrics
coinmetrics,hft,history-store,2026-09-29T01:38:29Z,data/history/coinmetrics/manifest.json,https://community-api.coinmetrics.io/v4/timeseries/asset-metrics
coinmetrics,hifi,history-store,2026-09-29T01:38:29Z,data/history/coinmetrics/manifest.json,https://community-api.coinmetrics.io/v4/timeseries/asset-metrics
coinmetrics,home,history-store,2026-09-29T01:38:29Z,data/history/coinmetrics/manifest.json,https://community-api.coinmetrics.io/v4/timeseries/asset-metrics
coinmetrics,hook,history-store,2026-09-29T01:38:29Z,data/history/coinmetrics/manifest.json,https://community-api.coinmetrics.io/v4/timeseries/asset-metrics
coinmetrics,hot_holo,history-store,2026-09-29T01:38:29Z,data/history/coinmetrics/manifest.json,https://community-api.coinmetrics.io/v4/timeseries/asset-metrics
coinmetrics,ht,history-store,2026-09-29T01:38:29Z,data/history/coinmetrics/manifest.json,https://community-api.coinmetrics.io/v4/timeseries/asset-metrics
coinmetrics,htx,history-store,2026-09-29T01:38:29Z,data/history/coinmetrics/manifest.json,https://community-api.coinmetrics.io/v4/timeseries/asset-metrics
coinmetrics,hype,history-store,2026-09-29T01:38:29Z,data/history/coinmetrics/manifest.json,https://community-api.coinmetrics.io/v4/timeseries/asset-metrics
coinmetrics,icp,history-store,2026-09-29T01:38:29Z,data/history/coinmetrics/manifest.json,https://community-api.coinmetrics.io/v4/timeseries/asset-metrics
coinmetrics,icx,history-store,2026-09-29T01:38:29Z,data/history/coinmetrics/manifest.json,https://community-api.coinmetrics.io/v4/timeseries/asset-metrics
coinmetrics,icx_eth,history-store,2026-09-29T01:38:29Z,data/history/coinmetrics/manifest.json,https://community-api.coinmetrics.io/v4/timeseries/asset-metrics
coinmetrics,id,history-store,2026-09-29T01:38:29Z,data/history/coinmetrics/manifest.json,https://community-api.coinmetrics.io/v4/timeseries/asset-metrics
coinmetrics,imx,history-store,2026-09-29T01:38:29Z,data/history/coinmetrics/manifest.json,https://community-api.coinmetrics.io/v4/timeseries/asset-metrics
coinmetrics,init,history-store,2026-09-29T01:38:29Z,data/history/coinmetrics/manifest.json,https://community-api.coinmetrics.io/v4/timeseries/asset-metrics
coinmetrics,inj,history-store,2026-09-29T01:38:29Z,data/history/coinmetrics/manifest.json,https://community-api.coinmetrics.io/v4/timeseries/asset-metrics
coinmetrics,io,history-store,2026-09-29T01:38:29Z,data/history/coinmetrics/manifest.json,https://community-api.coinmetrics.io/v4/timeseries/asset-metrics
coinmetrics,iost,history-store,2026-09-29T01:38:29Z,data/history/coinmetrics/manifest.json,https://community-api.coinmetrics.io/v4/timeseries/asset-metrics
coinmetrics,ip,history-store,2026-09-29T01:38:29Z,data/history/coinmetrics/manifest.json,https://community-api.coinmetrics.io/v4/timeseries/asset-metrics
coinmetrics,irr,history-store,2026-09-29T01:38:29Z,data/history/coinmetrics/manifest.json,https://community-api.coinmetrics.io/v4/timeseries/asset-metrics
coinmetrics,jasmy,history-store,2026-09-29T01:38:29Z,data/history/coinmetrics/manifest.json,https://community-api.coinmetrics.io/v4/timeseries/asset-metrics
coinmetrics,jst,history-store,2026-09-29T01:38:29Z,data/history/coinmetrics/manifest.json,https://community-api.coinmetrics.io/v4/timeseries/asset-metrics
coinmetrics,jto,history-store,2026-09-29T01:38:29Z,data/history/coinmetrics/manifest.json,https://community-api.coinmetrics.io/v4/timeseries/asset-metrics
coinmetrics,jup,history-store,2026-09-29T01:38:29Z,data/history/coinmetrics/manifest.json,https://community-api.coinmetrics.io/v4/timeseries/asset-metrics
coinmetrics,kava,history-store,2026-09-29T01:38:29Z,data/history/coinmetrics/manifest.json,https://community-api.coinmetrics.io/v4/timeseries/asset-metrics
coinmetrics,kcs,history-store,2026-09-29T01:38:29Z,data/history/coinmetrics/manifest.json,https://community-api.coinmetrics.io/v4/timeseries/asset-metrics
coinmetrics,key,history-store,2026-09-29T01:38:29Z,data/history/coinmetrics/manifest.json,https://community-api.coinmetrics.io/v4/timeseries/asset-metrics
coinmetrics,kite,history-store,2026-09-29T01:38:29Z,data/history/coinmetrics/manifest.json,https://community-api.coinmetrics.io/v4/timeseries/asset-metrics
coinmetrics,kmd,history-store,2026-09-29T01:38:29Z,data/history/coinmetrics/manifest.json,https://community-api.coinmetrics.io/v4/timeseries/asset-metrics
coinmetrics,knc,history-store,2026-09-29T01:38:29Z,data/history/coinmetrics/manifest.json,https://community-api.coinmetrics.io/v4/timeseries/asset-metrics
coinmetrics,ksm,history-store,2026-09-29T01:38:29Z,data/history/coinmetrics/manifest.json,https://community-api.coinmetrics.io/v4/timeseries/asset-metrics
coinmetrics,lab,history-store,2026-09-29T01:38:29Z,data/history/coinmetrics/manifest.json,https://community-api.coinmetrics.io/v4/timeseries/asset-metrics
coinmetrics,lamb,history-store,2026-09-29T01:38:29Z,data/history/coinmetrics/manifest.json,https://community-api.coinmetrics.io/v4/timeseries/asset-metrics
coinmetrics,layer,history-store,2026-09-29T01:38:29Z,data/history/coinmetrics/manifest.json,https://community-api.coinmetrics.io/v4/timeseries/asset-metrics
coinmetrics,lbc,history-store,2026-09-29T01:38:29Z,data/history/coinmetrics/manifest.json,https://community-api.coinmetrics.io/v4/timeseries/asset-metrics
coinmetrics,ldo,history-store,2026-09-29T01:38:29Z,data/history/coinmetrics/manifest.json,https://community-api.coinmetrics.io/v4/timeseries/asset-metrics
coinmetrics,lend,history-store,2026-09-29T01:38:29Z,data/history/coinmetrics/manifest.json,https://community-api.coinmetrics.io/v4/timeseries/asset-metrics
coinmetrics,leo,history-store,2026-09-29T01:38:29Z,data/history/coinmetrics/manifest.json,https://community-api.coinmetrics.io/v4/timeseries/asset-metrics
coinmetrics,leo_eth,history-store,2026-09-29T01:38:29Z,data/history/coinmetrics/manifest.json,https://community-api.coinmetrics.io/v4/timeseries/asset-metrics
coinmetrics,lina,history-store,2026-09-29T01:38:29Z,data/history/coinmetrics/manifest.json,https://community-api.coinmetrics.io/v4/timeseries/asset-metrics
coinmetrics,linea,history-store,2026-09-29T01:38:29Z,data/history/coinmetrics/manifest.json,https://community-api.coinmetrics.io/v4/timeseries/asset-metrics
coinmetrics,link,history-store,2026-09-29T01:38:29Z,data/history/coinmetrics/manifest.json,https://community-api.coinmetrics.io/v4/timeseries/asset-metrics
coinmetrics,lit_lighter,history-store,2026-09-29T01:38:29Z,data/history/coinmetrics/manifest.json,https://community-api.coinmetrics.io/v4/timeseries/asset-metrics
coinmetrics,loom,history-store,2026-09-29T01:38:29Z,data/history/coinmetrics/manifest.json,https://community-api.coinmetrics.io/v4/timeseries/asset-metrics
coinmetrics,lpt,history-store,2026-09-29T01:38:29Z,data/history/coinmetrics/manifest.json,https://community-api.coinmetrics.io/v4/timeseries/asset-metrics
coinmetrics,lqty,history-store,2026-09-29T01:38:29Z,data/history/coinmetrics/manifest.json,https://community-api.coinmetrics.io/v4/timeseries/asset-metrics
coinmetrics,lrc,history-store,2026-09-29T01:38:29Z,data/history/coinmetrics/manifest.json,https://community-api.coinmetrics.io/v4/timeseries/asset-metrics
coinmetrics,lrc_eth,history-store,2026-09-29T01:38:29Z,data/history/coinmetrics/manifest.json,https://community-api.coinmetrics.io/v4/timeseries/asset-metrics
coinmetrics,lsk,history-store,2026-09-29T01:38:29Z,data/history/coinmetrics/manifest.json,https://community-api.coinmetrics.io/v4/timeseries/asset-metrics
coinmetrics,ltc,history-store,2026-09-29T01:38:29Z,data/history/coinmetrics/manifest.json,https://community-api.coinmetrics.io/v4/timeseries/asset-metrics
coinmetrics,lun,history-store,2026-09-29T01:38:29Z,data/history/coinmetrics/manifest.json,https://community-api.coinmetrics.io/v4/timeseries/asset-metrics
coinmetrics,luna,history-store,2026-09-29T01:38:29Z,data/history/coinmetrics/manifest.json,https://community-api.coinmetrics.io/v4/timeseries/asset-metrics
coinmetrics,luna2,history-store,2026-09-29T01:38:29Z,data/history/coinmetrics/manifest.json,https://community-api.coinmetrics.io/v4/timeseries/asset-metrics
coinmetrics,lym,history-store,2026-09-29T01:38:29Z,data/history/coinmetrics/manifest.json,https://community-api.coinmetrics.io/v4/timeseries/asset-metrics
coinmetrics,magic,history-store,2026-09-29T01:38:29Z,data/history/coinmetrics/manifest.json,https://community-api.coinmetrics.io/v4/timeseries/asset-metrics
coinmetrics,maid,history-store,2026-09-29T01:38:29Z,data/history/coinmetrics/manifest.json,https://community-api.coinmetrics.io/v4/timeseries/asset-metrics
coinmetrics,mana,history-store,2026-09-29T01:38:29Z,data/history/coinmetrics/manifest.json,https://community-api.coinmetrics.io/v4/timeseries/asset-metrics
coinmetrics,manta,history-store,2026-09-29T01:38:29Z,data/history/coinmetrics/manifest.json,https://community-api.coinmetrics.io/v4/timeseries/asset-metrics
coinmetrics,mask,history-store,2026-09-29T01:38:29Z,data/history/coinmetrics/manifest.json,https://community-api.coinmetrics.io/v4/timeseries/asset-metrics
coinmetrics,matic,history-store,2026-09-29T01:38:29Z,data/history/coinmetrics/manifest.json,https://community-api.coinmetrics.io/v4/timeseries/asset-metrics
coinmetrics,matic_eth,history-store,2026-09-29T01:38:29Z,data/history/coinmetrics/manifest.json,https://community-api.coinmetrics.io/v4/timeseries/asset-metrics
coinmetrics,mco,history-store,2026-09-29T01:38:29Z,data/history/coinmetrics/manifest.json,https://community-api.coinmetrics.io/v4/timeseries/asset-metrics
coinmetrics,mda,history-store,2026-09-29T01:38:29Z,data/history/coinmetrics/manifest.json,https://community-api.coinmetrics.io/v4/timeseries/asset-metrics
coinmetrics,mega,history-store,2026-09-29T01:38:29Z,data/history/coinmetrics/manifest.json,https://community-api.coinmetrics.io/v4/timeseries/asset-metrics
coinmetrics,meme,history-store,2026-09-29T01:38:29Z,data/history/coinmetrics/manifest.json,https://community-api.coinmetrics.io/v4/timeseries/asset-metrics
coinmetrics,mew,history-store,2026-09-29T01:38:29Z,data/history/coinmetrics/manifest.json,https://community-api.coinmetrics.io/v4/timeseries/asset-metrics
coinmetrics,mft,history-store,2026-09-29T01:38:29Z,data/history/coinmetrics/manifest.json,https://community-api.coinmetrics.io/v4/timeseries/asset-metrics
coinmetrics,mina,history-store,2026-09-29T01:38:29Z,data/history/coinmetrics/manifest.json,https://community-api.coinmetrics.io/v4/timeseries/asset-metrics
coinmetrics,miota,history-store,2026-09-29T01:38:29Z,data/history/coinmetrics/manifest.json,https://community-api.coinmetrics.io/v4/timeseries/asset-metrics
coinmetrics,mith,history-store,2026-09-29T01:38:29Z,data/history/coinmetrics/manifest.json,https://community-api.coinmetrics.io/v4/timeseries/asset-metrics
coinmetrics,mkr,history-store,2026-09-29T01:38:29Z,data/history/coinmetrics/manifest.json,https://community-api.coinmetrics.io/v4/timeseries/asset-metrics
coinmetrics,mln,history-store,2026-09-29T01:38:29Z,data/history/coinmetrics/manifest.json,https://community-api.coinmetrics.io/v4/timeseries/asset-metrics
coinmetrics,mnt,history-store,2026-09-29T01:38:29Z,data/history/coinmetrics/manifest.json,https://community-api.coinmetrics.io/v4/timeseries/asset-metrics
coinmetrics,mof,history-store,2026-09-29T01:38:29Z,data/history/coinmetrics/manifest.json,https://community-api.coinmetrics.io/v4/timeseries/asset-metrics
coinmetrics,mon_monad,history-store,2026-09-29T01:38:29Z,data/history/coinmetrics/manifest.json,https://community-api.coinmetrics.io/v4/timeseries/asset-metrics
coinmetrics,mona,history-store,2026-09-29T01:38:29Z,data/history/coinmetrics/manifest.json,https://community-api.coinmetrics.io/v4/timeseries/asset-metrics
coinmetrics,moodeng,history-store,2026-09-29T01:38:29Z,data/history/coinmetrics/manifest.json,https://community-api.coinmetrics.io/v4/timeseries/asset-metrics
coinmetrics,move,history-store,2026-09-29T01:38:29Z,data/history/coinmetrics/manifest.json,https://community-api.coinmetrics.io/v4/timeseries/asset-metrics
coinmetrics,mtl_metal,history-store,2026-09-29T01:38:29Z,data/history/coinmetrics/manifest.json,https://community-api.coinmetrics.io/v4/timeseries/asset-metrics
coinmetrics,mxc,history-store,2026-09-29T01:38:29Z,data/history/coinmetrics/manifest.json,https://community-api.coinmetrics.io/v4/timeseries/asset-metrics
coinmetrics,nano,history-store,2026-09-29T01:38:29Z,data/history/coinmetrics/manifest.json,https://community-api.coinmetrics.io/v4/timeseries/asset-metrics
coinmetrics,nas,history-store,2026-09-29T01:38:29Z,data/history/coinmetrics/manifest.json,https://community-api.coinmetrics.io/v4/timeseries/asset-metrics
coinmetrics,nas_eth,history-store,2026-09-29T01:38:29Z,data/history/coinmetrics/manifest.json,https://community-api.coinmetrics.io/v4/timeseries/asset-metrics
coinmetrics,nav,history-store,2026-09-29T01:38:29Z,data/history/coinmetrics/manifest.json,https://community-api.coinmetrics.io/v4/timeseries/asset-metrics
coinmetrics,ncash,history-store,2026-09-29T01:38:29Z,data/history/coinmetrics/manifest.json,https://community-api.coinmetrics.io/v4/timeseries/asset-metrics
coinmetrics,near,history-store,2026-09-29T01:38:29Z,data/history/coinmetrics/manifest.json,https://community-api.coinmetrics.io/v4/timeseries/asset-metrics
coinmetrics,neirocto,history-store,2026-09-29T01:38:29Z,data/history/coinmetrics/manifest.json,https://community-api.coinmetrics.io/v4/timeseries/asset-metrics
coinmetrics,neo,history-store,2026-09-29T01:38:29Z,data/history/coinmetrics/manifest.json,https://community-api.coinmetrics.io/v4/timeseries/asset-metrics
coinmetrics,nexo,history-store,2026-09-29T01:38:29Z,data/history/coinmetrics/manifest.json,https://community-api.coinmetrics.io/v4/timeseries/asset-metrics
coinmetrics,nft,history-store,2026-09-29T01:38:29Z,data/history/coinmetrics/manifest.json,https://community-api.coinmetrics.io/v4/timeseries/asset-metrics
coinmetrics,not,history-store,2026-09-29T01:38:29Z,data/history/coinmetrics/manifest.json,https://community-api.coinmetrics.io/v4/timeseries/asset-metrics
coinmetrics,npxs,history-store,2026-09-29T01:38:29Z,data/history/coinmetrics/manifest.json,https://community-api.coinmetrics.io/v4/timeseries/asset-metrics
coinmetrics,nuls,history-store,2026-09-29T01:38:29Z,data/history/coinmetrics/manifest.json,https://community-api.coinmetrics.io/v4/timeseries/asset-metrics
coinmetrics,nxt,history-store,2026-09-29T01:38:29Z,data/history/coinmetrics/manifest.json,https://community-api.coinmetrics.io/v4/timeseries/asset-metrics
coinmetrics,oax,history-store,2026-09-29T01:38:29Z,data/history/coinmetrics/manifest.json,https://community-api.coinmetrics.io/v4/timeseries/asset-metrics
coinmetrics,ocn,history-store,2026-09-29T01:38:29Z,data/history/coinmetrics/manifest.json,https://community-api.coinmetrics.io/v4/timeseries/asset-metrics
coinmetrics,okb,history-store,2026-09-29T01:38:29Z,data/history/coinmetrics/manifest.json,https://community-api.coinmetrics.io/v4/timeseries/asset-metrics
coinmetrics,om,history-store,2026-09-29T01:38:29Z,data/history/coinmetrics/manifest.json,https://community-api.coinmetrics.io/v4/timeseries/asset-metrics
coinmetrics,omg,history-store,2026-09-29T01:38:29Z,data/history/coinmetrics/manifest.json,https://community-api.coinmetrics.io/v4/timeseries/asset-metrics
coinmetrics,omr,history-store,2026-09-29T01:38:29Z,data/history/coinmetrics/manifest.json,https://community-api.coinmetrics.io/v4/timeseries/asset-metrics
coinmetrics,ondo,history-store,2026-09-29T01:38:29Z,data/history/coinmetrics/manifest.json,https://community-api.coinmetrics.io/v4/timeseries/asset-metrics
coinmetrics,one_harmony,history-store,2026-09-29T01:38:29Z,data/history/coinmetrics/manifest.json,https://community-api.coinmetrics.io/v4/timeseries/asset-metrics
coinmetrics,ont,history-store,2026-09-29T01:38:29Z,data/history/coinmetrics/manifest.json,https://community-api.coinmetrics.io/v4/timeseries/asset-metrics
coinmetrics,op,history-store,2026-09-29T01:38:29Z,data/history/coinmetrics/manifest.json,https://community-api.coinmetrics.io/v4/timeseries/asset-metrics
coinmetrics,ordi,history-store,2026-09-29T01:38:29Z,data/history/coinmetrics/manifest.json,https://community-api.coinmetrics.io/v4/timeseries/asset-metrics
coinmetrics,pab,history-store,2026-09-29T01:38:29Z,data/history/coinmetrics/manifest.json,https://community-api.coinmetrics.io/v4/timeseries/asset-metrics
coinmetrics,pay,history-store,2026-09-29T01:38:29Z,data/history/coinmetrics/manifest.json,https://community-api.coinmetrics.io/v4/timeseries/asset-metrics
coinmetrics,pengu,history-store,2026-09-29T01:38:29Z,data/history/coinmetrics/manifest.json,https://community-api.coinmetrics.io/v4/timeseries/asset-metrics
coinmetrics,people,history-store,2026-09-29T01:38:29Z,data/history/coinmetrics/manifest.json,https://community-api.coinmetrics.io/v4/timeseries/asset-metrics
coinmetrics,pepe,history-store,2026-09-29T01:38:29Z,data/history/coinmetrics/manifest.json,https://community-api.coinmetrics.io/v4/timeseries/asset-metrics
coinmetrics,perp,history-store,2026-09-29T01:38:29Z,data/history/coinmetrics/manifest.json,https://community-api.coinmetrics.io/v4/timeseries/asset-metrics
coinmetrics,phx,history-store,2026-09-29T01:38:29Z,data/history/coinmetrics/manifest.json,https://community-api.coinmetrics.io/v4/timeseries/asset-metrics
coinmetrics,pi,history-store,2026-09-29T01:38:29Z,data/history/coinmetrics/manifest.json,https://community-api.coinmetrics.io/v4/timeseries/asset-metrics
coinmetrics,pnut,history-store,2026-09-29T01:38:29Z,data/history/coinmetrics/manifest.json,https://community-api.coinmetrics.io/v4/timeseries/asset-metrics
coinmetrics,poa,history-store,2026-09-29T01:38:29Z,data/history/coinmetrics/manifest.json,https://community-api.coinmetrics.io/v4/timeseries/asset-metrics
coinmetrics,pol,history-store,2026-09-29T01:38:29Z,data/history/coinmetrics/manifest.json,https://community-api.coinmetrics.io/v4/timeseries/asset-metrics
coinmetrics,pol_eth,history-store,2026-09-29T01:38:29Z,data/history/coinmetrics/manifest.json,https://community-api.coinmetrics.io/v4/timeseries/asset-metrics
coinmetrics,poly,history-store,2026-09-29T01:38:29Z,data/history/coinmetrics/manifest.json,https://community-api.coinmetrics.io/v4/timeseries/asset-metrics
coinmetrics,popcat,history-store,2026-09-29T01:38:29Z,data/history/coinmetrics/manifest.json,https://community-api.coinmetrics.io/v4/timeseries/asset-metrics
coinmetrics,powr,history-store,2026-09-29T01:38:29Z,data/history/coinmetrics/manifest.json,https://community-api.coinmetrics.io/v4/timeseries/asset-metrics
coinmetrics,ppt,history-store,2026-09-29T01:38:29Z,data/history/coinmetrics/manifest.json,https://community-api.coinmetrics.io/v4/timeseries/asset-metrics
coinmetrics,pump,history-store,2026-09-29T01:38:29Z,data/history/coinmetrics/manifest.json,https://community-api.coinmetrics.io/v4/timeseries/asset-metrics
coinmetrics,pyg,history-store,2026-09-29T01:38:29Z,data/history/coinmetrics/manifest.json,https://community-api.coinmetrics.io/v4/timeseries/asset-metrics
coinmetrics,pyth,history-store,2026-09-29T01:38:29Z,data/history/coinmetrics/manifest.json,https://community-api.coinmetrics.io/v4/timeseries/asset-metrics
coinmetrics,qash,history-store,2026-09-29T01:38:29Z,data/history/coinmetrics/manifest.json,https://community-api.coinmetrics.io/v4/timeseries/asset-metrics
coinmetrics,qkc,history-store,2026-09-29T01:38:29Z,data/history/coinmetrics/manifest.json,https://community-api.coinmetrics.io/v4/timeseries/asset-metrics
coinmetrics,qnt,history-store,2026-09-29T01:38:29Z,data/history/coinmetrics/manifest.json,https://community-api.coinmetrics.io/v4/timeseries/asset-metrics
coinmetrics,qsp,history-store,2026-09-29T01:38:29Z,data/history/coinmetrics/manifest.json,https://community-api.coinmetrics.io/v4/timeseries/asset-metrics
coinmetrics,qtum,history-store,2026-09-29T01:38:29Z,data/history/coinmetrics/manifest.json,https://community-api.coinmetrics.io/v4/timeseries/asset-metrics
coinmetrics,qtum_eth,history-store,2026-09-29T01:38:29Z,data/history/coinmetrics/manifest.json,https://community-api.coinmetrics.io/v4/timeseries/asset-metrics
coinmetrics,rcn_ripiocreditnetwork,history-store,2026-09-29T01:38:29Z,data/history/coinmetrics/manifest.json,https://community-api.coinmetrics.io/v4/timeseries/asset-metrics
coinmetrics,rdn,history-store,2026-09-29T01:38:29Z,data/history/coinmetrics/manifest.json,https://community-api.coinmetrics.io/v4/timeseries/asset-metrics
coinmetrics,ren,history-store,2026-09-29T01:38:29Z,data/history/coinmetrics/manifest.json,https://community-api.coinmetrics.io/v4/timeseries/asset-metrics
coinmetrics,render,history-store,2026-09-29T01:38:29Z,data/history/coinmetrics/manifest.json,https://community-api.coinmetrics.io/v4/timeseries/asset-metrics
coinmetrics,rep,history-store,2026-09-29T01:38:29Z,data/history/coinmetrics/manifest.json,https://community-api.coinmetrics.io/v4/timeseries/asset-metrics
coinmetrics,req,history-store,2026-09-29T01:38:29Z,data/history/coinmetrics/manifest.json,https://community-api.coinmetrics.io/v4/timeseries/asset-metrics
coinmetrics,rev_eth,history-store,2026-09-29T01:38:29Z,data/history/coinmetrics/manifest.json,https://community-api.coinmetrics.io/v4/timeseries/asset-metrics
coinmetrics,rlc,history-store,2026-09-29T01:38:29Z,data/history/coinmetrics/manifest.json,https://community-api.coinmetrics.io/v4/timeseries/asset-metrics
coinmetrics,rndr,history-store,2026-09-29T01:38:29Z,data/history/coinmetrics/manifest.json,https://community-api.coinmetrics.io/v4/timeseries/asset-metrics
coinmetrics,rose,history-store,2026-09-29T01:38:29Z,data/history/coinmetrics/manifest.json,https://community-api.coinmetrics.io/v4/timeseries/asset-metrics
coinmetrics,rsr,history-store,2026-09-29T01:38:29Z,data/history/coinmetrics/manifest.json,https://community-api.coinmetrics.io/v4/timeseries/asset-metrics
coinmetrics,rune,history-store,2026-09-29T01:38:29Z,data/history/coinmetrics/manifest.json,https://community-api.coinmetrics.io/v4/timeseries/asset-metrics
coinmetrics,rvn,history-store,2026-09-29T01:38:29Z,data/history/coinmetrics/manifest.json,https://community-api.coinmetrics.io/v4/timeseries/asset-metrics
coinmetrics,s,history-store,2026-09-29T01:38:29Z,data/history/coinmetrics/manifest.json,https://community-api.coinmetrics.io/v4/timeseries/asset-metrics
coinmetrics,sahara,history-store,2026-09-29T01:38:29Z,data/history/coinmetrics/manifest.json,https://community-api.coinmetrics.io/v4/timeseries/asset-metrics
coinmetrics,sand,history-store,2026-09-29T01:38:29Z,data/history/coinmetrics/manifest.json,https://community-api.coinmetrics.io/v4/timeseries/asset-metrics
coinmetrics,santos,history-store,2026-09-29T01:38:29Z,data/history/coinmetrics/manifest.json,https://community-api.coinmetrics.io/v4/timeseries/asset-metrics
coinmetrics,sc,history-store,2026-09-29T01:38:29Z,data/history/coinmetrics/manifest.json,https://community-api.coinmetrics.io/v4/timeseries/asset-metrics
coinmetrics,seele,history-store,2026-09-29T01:38:29Z,data/history/coinmetrics/manifest.json,https://community-api.coinmetrics.io/v4/timeseries/asset-metrics
coinmetrics,sei,history-store,2026-09-29T01:38:29Z,data/history/coinmetrics/manifest.json,https://community-api.coinmetrics.io/v4/timeseries/asset-metrics
coinmetrics,shib,history-store,2026-09-29T01:38:29Z,data/history/coinmetrics/manifest.json,https://community-api.coinmetrics.io/v4/timeseries/asset-metrics
coinmetrics,shib_eth,history-store,2026-09-29T01:38:29Z,data/history/coinmetrics/manifest.json,https://community-api.coinmetrics.io/v4/timeseries/asset-metrics
coinmetrics,slp,history-store,2026-09-29T01:38:29Z,data/history/coinmetrics/manifest.json,https://community-api.coinmetrics.io/v4/timeseries/asset-metrics
coinmetrics,slx,history-store,2026-09-29T01:38:29Z,data/history/coinmetrics/manifest.json,https://community-api.coinmetrics.io/v4/timeseries/asset-metrics
coinmetrics,sngls,history-store,2026-09-29T01:38:29Z,data/history/coinmetrics/manifest.json,https://community-api.coinmetrics.io/v4/timeseries/asset-metrics
coinmetrics,snt,history-store,2026-09-29T01:38:29Z,data/history/coinmetrics/manifest.json,https://community-api.coinmetrics.io/v4/timeseries/asset-metrics
coinmetrics,snx,history-store,2026-09-29T01:38:29Z,data/history/coinmetrics/manifest.json,https://community-api.coinmetrics.io/v4/timeseries/asset-metrics
coinmetrics,sol,history-store,2026-09-29T01:38:29Z,data/history/coinmetrics/manifest.json,https://community-api.coinmetrics.io/v4/timeseries/asset-metrics
coinmetrics,srm,history-store,2026-09-29T01:38:29Z,data/history/coinmetrics/manifest.json,https://community-api.coinmetrics.io/v4/timeseries/asset-metrics
coinmetrics,steem,history-store,2026-09-29T01:38:29Z,data/history/coinmetrics/manifest.json,https://community-api.coinmetrics.io/v4/timeseries/asset-metrics
coinmetrics,stmx,history-store,2026-09-29T01:38:29Z,data/history/coinmetrics/manifest.json,https://community-api.coinmetrics.io/v4/timeseries/asset-metrics
coinmetrics,storj,history-store,2026-09-29T01:38:29Z,data/history/coinmetrics/manifest.json,https://community-api.coinmetrics.io/v4/timeseries/asset-metrics
coinmetrics,strat,history-store,2026-09-29T01:38:29Z,data/history/coinmetrics/manifest.json,https://community-api.coinmetrics.io/v4/timeseries/asset-metrics
coinmetrics,strax,history-store,2026-09-29T01:38:29Z,data/history/coinmetrics/manifest.json,https://community-api.coinmetrics.io/v4/timeseries/asset-metrics
coinmetrics,strk,history-store,2026-09-29T01:38:29Z,data/history/coinmetrics/manifest.json,https://community-api.coinmetrics.io/v4/timeseries/asset-metrics
coinmetrics,stx,history-store,2026-09-29T01:38:29Z,data/history/coinmetrics/manifest.json,https://community-api.coinmetrics.io/v4/timeseries/asset-metrics
coinmetrics,sui,history-store,2026-09-29T01:38:29Z,data/history/coinmetrics/manifest.json,https://community-api.coinmetrics.io/v4/timeseries/asset-metrics
coinmetrics,sun,history-store,2026-09-29T01:38:29Z,data/history/coinmetrics/manifest.json,https://community-api.coinmetrics.io/v4/timeseries/asset-metrics
coinmetrics,sundog,history-store,2026-09-29T01:38:29Z,data/history/coinmetrics/manifest.json,https://community-api.coinmetrics.io/v4/timeseries/asset-metrics
coinmetrics,sushi,history-store,2026-09-29T01:38:29Z,data/history/coinmetrics/manifest.json,https://community-api.coinmetrics.io/v4/timeseries/asset-metrics
coinmetrics,swftc,history-store,2026-09-29T01:38:29Z,data/history/coinmetrics/manifest.json,https://community-api.coinmetrics.io/v4/timeseries/asset-metrics
coinmetrics,swrv,history-store,2026-09-29T01:38:29Z,data/history/coinmetrics/manifest.json,https://community-api.coinmetrics.io/v4/timeseries/asset-metrics
coinmetrics,sxp,history-store,2026-09-29T01:38:29Z,data/history/coinmetrics/manifest.json,https://community-api.coinmetrics.io/v4/timeseries/asset-metrics
coinmetrics,syrup,history-store,2026-09-29T01:38:29Z,data/history/coinmetrics/manifest.json,https://community-api.coinmetrics.io/v4/timeseries/asset-metrics
coinmetrics,sys,history-store,2026-09-29T01:38:29Z,data/history/coinmetrics/manifest.json,https://community-api.coinmetrics.io/v4/timeseries/asset-metrics
coinmetrics,tao_bittensor,history-store,2026-09-29T01:38:29Z,data/history/coinmetrics/manifest.json,https://community-api.coinmetrics.io/v4/timeseries/asset-metrics
coinmetrics,theta,history-store,2026-09-29T01:38:29Z,data/history/coinmetrics/manifest.json,https://community-api.coinmetrics.io/v4/timeseries/asset-metrics
coinmetrics,tia,history-store,2026-09-29T01:38:29Z,data/history/coinmetrics/manifest.json,https://community-api.coinmetrics.io/v4/timeseries/asset-metrics
coinmetrics,tlm,history-store,2026-09-29T01:38:29Z,data/history/coinmetrics/manifest.json,https://community-api.coinmetrics.io/v4/timeseries/asset-metrics
coinmetrics,tmtg,history-store,2026-09-29T01:38:29Z,data/history/coinmetrics/manifest.json,https://community-api.coinmetrics.io/v4/timeseries/asset-metrics
coinmetrics,tnb,history-store,2026-09-29T01:38:29Z,data/history/coinmetrics/manifest.json,https://community-api.coinmetrics.io/v4/timeseries/asset-metrics
coinmetrics,tnt,history-store,2026-09-29T01:38:29Z,data/history/coinmetrics/manifest.json,https://community-api.coinmetrics.io/v4/timeseries/asset-metrics
coinmetrics,tomi,history-store,2026-09-29T01:38:29Z,data/history/coinmetrics/manifest.json,https://community-api.coinmetrics.io/v4/timeseries/asset-metrics
coinmetrics,tomo,history-store,2026-09-29T01:38:29Z,data/history/coinmetrics/manifest.json,https://community-api.coinmetrics.io/v4/timeseries/asset-metrics
coinmetrics,trb,history-store,2026-09-29T01:38:29Z,data/history/coinmetrics/manifest.json,https://community-api.coinmetrics.io/v4/timeseries/asset-metrics
coinmetrics,trump,history-store,2026-09-29T01:38:29Z,data/history/coinmetrics/manifest.json,https://community-api.coinmetrics.io/v4/timeseries/asset-metrics
coinmetrics,trx,history-store,2026-09-29T01:38:29Z,data/history/coinmetrics/manifest.json,https://community-api.coinmetrics.io/v4/timeseries/asset-metrics
coinmetrics,turbo,history-store,2026-09-29T01:38:29Z,data/history/coinmetrics/manifest.json,https://community-api.coinmetrics.io/v4/timeseries/asset-metrics
coinmetrics,twt,history-store,2026-09-29T01:38:29Z,data/history/coinmetrics/manifest.json,https://community-api.coinmetrics.io/v4/timeseries/asset-metrics
coinmetrics,ubtc_unitbitcoin,history-store,2026-09-29T01:38:29Z,data/history/coinmetrics/manifest.json,https://community-api.coinmetrics.io/v4/timeseries/asset-metrics
coinmetrics,uma,history-store,2026-09-29T01:38:29Z,data/history/coinmetrics/manifest.json,https://community-api.coinmetrics.io/v4/timeseries/asset-metrics
coinmetrics,uni,history-store,2026-09-29T01:38:29Z,data/history/coinmetrics/manifest.json,https://community-api.coinmetrics.io/v4/timeseries/asset-metrics
coinmetrics,usdt,history-store,2026-09-29T01:38:29Z,data/history/coinmetrics/manifest.json,https://community-api.coinmetrics.io/v4/timeseries/asset-metrics
coinmetrics,uxlink,history-store,2026-09-29T01:38:29Z,data/history/coinmetrics/manifest.json,https://community-api.coinmetrics.io/v4/timeseries/asset-metrics
coinmetrics,vet,history-store,2026-09-29T01:38:29Z,data/history/coinmetrics/manifest.json,https://community-api.coinmetrics.io/v4/timeseries/asset-metrics
coinmetrics,vet_eth,history-store,2026-09-29T01:38:29Z,data/history/coinmetrics/manifest.json,https://community-api.coinmetrics.io/v4/timeseries/asset-metrics
coinmetrics,via,history-store,2026-09-29T01:38:29Z,data/history/coinmetrics/manifest.json,https://community-api.coinmetrics.io/v4/timeseries/asset-metrics
coinmetrics,virtual,history-store,2026-09-29T01:38:29Z,data/history/coinmetrics/manifest.json,https://community-api.coinmetrics.io/v4/timeseries/asset-metrics
coinmetrics,vtc,history-store,2026-09-29T01:38:29Z,data/history/coinmetrics/manifest.json,https://community-api.coinmetrics.io/v4/timeseries/asset-metrics
coinmetrics,vvv,history-store,2026-09-29T01:38:29Z,data/history/coinmetrics/manifest.json,https://community-api.coinmetrics.io/v4/timeseries/asset-metrics
coinmetrics,w,history-store,2026-09-29T01:38:29Z,data/history/coinmetrics/manifest.json,https://community-api.coinmetrics.io/v4/timeseries/asset-metrics
coinmetrics,wan,history-store,2026-09-29T01:38:29Z,data/history/coinmetrics/manifest.json,https://community-api.coinmetrics.io/v4/timeseries/asset-metrics
coinmetrics,waves,history-store,2026-09-29T01:38:29Z,data/history/coinmetrics/manifest.json,https://community-api.coinmetrics.io/v4/timeseries/asset-metrics
coinmetrics,wemix,history-store,2026-09-29T01:38:29Z,data/history/coinmetrics/manifest.json,https://community-api.coinmetrics.io/v4/timeseries/asset-metrics
coinmetrics,wif,history-store,2026-09-29T01:38:29Z,data/history/coinmetrics/manifest.json,https://community-api.coinmetrics.io/v4/timeseries/asset-metrics
coinmetrics,win_wink,history-store,2026-09-29T01:38:29Z,data/history/coinmetrics/manifest.json,https://community-api.coinmetrics.io/v4/timeseries/asset-metrics
coinmetrics,wld,history-store,2026-09-29T01:38:29Z,data/history/coinmetrics/manifest.json,https://community-api.coinmetrics.io/v4/timeseries/asset-metrics
coinmetrics,wlfi,history-store,2026-09-29T01:38:29Z,data/history/coinmetrics/manifest.json,https://community-api.coinmetrics.io/v4/timeseries/asset-metrics
coinmetrics,wrx,history-store,2026-09-29T01:38:29Z,data/history/coinmetrics/manifest.json,https://community-api.coinmetrics.io/v4/timeseries/asset-metrics
coinmetrics,wtc,history-store,2026-09-29T01:38:29Z,data/history/coinmetrics/manifest.json,https://community-api.coinmetrics.io/v4/timeseries/asset-metrics
coinmetrics,xem,history-store,2026-09-29T01:38:29Z,data/history/coinmetrics/manifest.json,https://community-api.coinmetrics.io/v4/timeseries/asset-metrics
coinmetrics,xlm,history-store,2026-09-29T01:38:29Z,data/history/coinmetrics/manifest.json,https://community-api.coinmetrics.io/v4/timeseries/asset-metrics
coinmetrics,xmr,history-store,2026-09-29T01:38:29Z,data/history/coinmetrics/manifest.json,https://community-api.coinmetrics.io/v4/timeseries/asset-metrics
coinmetrics,xpl,history-store,2026-09-29T01:38:29Z,data/history/coinmetrics/manifest.json,https://community-api.coinmetrics.io/v4/timeseries/asset-metrics
coinmetrics,xrp,history-store,2026-09-29T01:38:29Z,data/history/coinmetrics/manifest.json,https://community-api.coinmetrics.io/v4/timeseries/asset-metrics
coinmetrics,xtz,history-store,2026-09-29T01:38:29Z,data/history/coinmetrics/manifest.json,https://community-api.coinmetrics.io/v4/timeseries/asset-metrics
coinmetrics,xvg,history-store,2026-09-29T01:38:29Z,data/history/coinmetrics/manifest.json,https://community-api.coinmetrics.io/v4/timeseries/asset-metrics
coinmetrics,yfi,history-store,2026-09-29T01:38:29Z,data/history/coinmetrics/manifest.json,https://community-api.coinmetrics.io/v4/timeseries/asset-metrics
coinmetrics,yfii,history-store,2026-09-29T01:38:29Z,data/history/coinmetrics/manifest.json,https://community-api.coinmetrics.io/v4/timeseries/asset-metrics
coinmetrics,yoyow,history-store,2026-09-29T01:38:29Z,data/history/coinmetrics/manifest.json,https://community-api.coinmetrics.io/v4/timeseries/asset-metrics
coinmetrics,zb,history-store,2026-09-29T01:38:29Z,data/history/coinmetrics/manifest.json,https://community-api.coinmetrics.io/v4/timeseries/asset-metrics
coinmetrics,zec,history-store,2026-09-29T01:38:29Z,data/history/coinmetrics/manifest.json,https://community-api.coinmetrics.io/v4/timeseries/asset-metrics
coinmetrics,zen,history-store,2026-09-29T01:38:29Z,data/history/coinmetrics/manifest.json,https://community-api.coinmetrics.io/v4/timeseries/asset-metrics
coinmetrics,zil,history-store,2026-09-29T01:38:29Z,data/history/coinmetrics/manifest.json,https://community-api.coinmetrics.io/v4/timeseries/asset-metrics
coinmetrics,zil_eth,history-store,2026-09-29T01:38:29Z,data/history/coinmetrics/manifest.json,https://community-api.coinmetrics.io/v4/timeseries/asset-metrics
coinmetrics,zro,history-store,2026-09-29T01:38:29Z,data/history/coinmetrics/manifest.json,https://community-api.coinmetrics.io/v4/timeseries/asset-metrics
coinmetrics,zrx,history-store,2026-09-29T01:38:29Z,data/history/coinmetrics/manifest.json,https://community-api.coinmetrics.io/v4/timeseries/asset-metrics
binance,00USDT,history-store,2026-09-29T02:02:14Z,data/history/binance/manifest.json,https://data.binance.vision/data/spot/monthly/klines/00USDT/1d/
binance,0GUSDT,history-store,2026-09-29T02:02:14Z,data/history/binance/manifest.json,https://data.binance.vision/data/spot/monthly/klines/0GUSDT/1d/
binance,1000SATSUSDT,history-store,2026-09-29T02:02:14Z,data/history/binance/manifest.json,https://data.binance.vision/data/spot/monthly/klines/1000SATSUSDT/1d/
binance,10SETUSDT,history-store,2026-09-29T02:02:14Z,data/history/binance/manifest.json,https://data.binance.vision/data/spot/monthly/klines/10SETUSDT/1d/
binance,1CATUSDT,history-store,2026-09-29T02:02:14Z,data/history/binance/manifest.json,https://data.binance.vision/data/spot/monthly/klines/1CATUSDT/1d/
binance,1MBABYDOGEUSDT,history-store,2026-09-29T02:02:14Z,data/history/binance/manifest.json,https://data.binance.vision/data/spot/monthly/klines/1MBABYDOGEUSDT/1d/
binance,1USDT,history-store,2026-09-29T02:02:14Z,data/history/binance/manifest.json,https://data.binance.vision/data/spot/monthly/klines/1USDT/1d/
binance,2ZUSDT,history-store,2026-09-29T02:02:14Z,data/history/binance/manifest.json,https://data.binance.vision/data/spot/monthly/klines/2ZUSDT/1d/
binance,42USDT,history-store,2026-09-29T02:02:14Z,data/history/binance/manifest.json,https://data.binance.vision/data/spot/monthly/klines/42USDT/1d/
binance,4STOCKUSDT,history-store,2026-09-29T02:02:14Z,data/history/binance/manifest.json,https://data.binance.vision/data/spot/monthly/klines/4STOCKUSDT/1d/
binance,4USDT,history-store,2026-09-29T02:02:14Z,data/history/binance/manifest.json,https://data.binance.vision/data/spot/monthly/klines/4USDT/1d/
binance,A2ZUSDT,history-store,2026-09-29T02:02:14Z,data/history/binance/manifest.json,https://data.binance.vision/data/spot/monthly/klines/A2ZUSDT/1d/
binance,A47USDT,history-store,2026-09-29T02:02:14Z,data/history/binance/manifest.json,https://data.binance.vision/data/spot/monthly/klines/A47USDT/1d/
binance,A8USDT,history-store,2026-09-29T02:02:14Z,data/history/binance/manifest.json,https://data.binance.vision/data/spot/monthly/klines/A8USDT/1d/
binance,AAAUSDT,history-store,2026-09-29T02:02:14Z,data/history/binance/manifest.json,https://data.binance.vision/data/spot/monthly/klines/AAAUSDT/1d/
binance,AARKUSDT,history-store,2026-09-29T02:02:14Z,data/history/binance/manifest.json,https://data.binance.vision/data/spot/monthly/klines/AARKUSDT/1d/
binance,AAVE0USDT,history-store,2026-09-29T02:02:14Z,data/history/binance/manifest.json,https://data.binance.vision/data/spot/monthly/klines/AAVE0USDT/1d/
binance,AAVE3LUSDT,history-store,2026-09-29T02:02:14Z,data/history/binance/manifest.json,https://data.binance.vision/data/spot/monthly/klines/AAVE3LUSDT/1d/
binance,AAVE3SUSDT,history-store,2026-09-29T02:02:14Z,data/history/binance/manifest.json,https://data.binance.vision/data/spot/monthly/klines/AAVE3SUSDT/1d/
binance,ABBCUSDT,history-store,2026-09-29T02:02:14Z,data/history/binance/manifest.json,https://data.binance.vision/data/spot/monthly/klines/ABBCUSDT/1d/
binance,ABTUSDT,history-store,2026-09-29T02:02:14Z,data/history/binance/manifest.json,https://data.binance.vision/data/spot/monthly/klines/ABTUSDT/1d/
binance,ABUSDT,history-store,2026-09-29T02:02:14Z,data/history/binance/manifest.json,https://data.binance.vision/data/spot/monthly/klines/ABUSDT/1d/
binance,ACAUSDT,history-store,2026-09-29T02:02:14Z,data/history/binance/manifest.json,https://data.binance.vision/data/spot/monthly/klines/ACAUSDT/1d/
binance,ACEUSDT,history-store,2026-09-29T02:02:14Z,data/history/binance/manifest.json,https://data.binance.vision/data/spot/monthly/klines/ACEUSDT/1d/
binance,ACHUSDT,history-store,2026-09-29T02:02:14Z,data/history/binance/manifest.json,https://data.binance.vision/data/spot/monthly/klines/ACHUSDT/1d/
binance,ACTUSDT,history-store,2026-09-29T02:02:14Z,data/history/binance/manifest.json,https://data.binance.vision/data/spot/monthly/klines/ACTUSDT/1d/
binance,ACUSDT,history-store,2026-09-29T02:02:14Z,data/history/binance/manifest.json,https://data.binance.vision/data/spot/monthly/klines/ACUSDT/1d/
binance,ADXUSDT,history-store,2026-09-29T02:02:14Z,data/history/binance/manifest.json,https://data.binance.vision/data/spot/monthly/klines/ADXUSDT/1d/
binance,AGIXUSDT,history-store,2026-09-29T02:02:14Z,data/history/binance/manifest.json,https://data.binance.vision/data/spot/monthly/klines/AGIXUSDT/1d/
binance,AIXBTUSDT,history-store,2026-09-29T02:02:14Z,data/history/binance/manifest.json,https://data.binance.vision/data/spot/monthly/klines/AIXBTUSDT/1d/
binance,ALICEUSDT,history-store,2026-09-29T02:02:14Z,data/history/binance/manifest.json,https://data.binance.vision/data/spot/monthly/klines/ALICEUSDT/1d/
binance,ALLOUSDT,history-store,2026-09-29T02:02:14Z,data/history/binance/manifest.json,https://data.binance.vision/data/spot/monthly/klines/ALLOUSDT/1d/
binance,AMPUSDT,history-store,2026-09-29T02:02:14Z,data/history/binance/manifest.json,https://data.binance.vision/data/spot/monthly/klines/AMPUSDT/1d/
binance,ANCUSDT,history-store,2026-09-29T02:02:14Z,data/history/binance/manifest.json,https://data.binance.vision/data/spot/monthly/klines/ANCUSDT/1d/
binance,ANKRUSDT,history-store,2026-09-29T02:02:14Z,data/history/binance/manifest.json,https://data.binance.vision/data/spot/monthly/klines/ANKRUSDT/1d/
binance,APEUSDT,history-store,2026-09-29T02:02:14Z,data/history/binance/manifest.json,https://data.binance.vision/data/spot/monthly/klines/APEUSDT/1d/
binance,APEXUSDT,history-store,2026-09-29T02:02:14Z,data/history/binance/manifest.json,https://data.binance.vision/data/spot/monthly/klines/APEXUSDT/1d/
binance,APPCUSDT,history-store,2026-09-29T02:02:14Z,data/history/binance/manifest.json,https://data.binance.vision/data/spot/monthly/klines/APPCUSDT/1d/
binance,APTUSDT,history-store,2026-09-29T02:02:14Z,data/history/binance/manifest.json,https://data.binance.vision/data/spot/monthly/klines/APTUSDT/1d/
binance,ARBUSDT,history-store,2026-09-29T02:02:14Z,data/history/binance/manifest.json,https://data.binance.vision/data/spot/monthly/klines/ARBUSDT/1d/
binance,ARDRUSDT,history-store,2026-09-29T02:02:14Z,data/history/binance/manifest.json,https://data.binance.vision/data/spot/monthly/klines/ARDRUSDT/1d/
binance,ARKUSDT,history-store,2026-09-29T02:02:14Z,data/history/binance/manifest.json,https://data.binance.vision/data/spot/monthly/klines/ARKUSDT/1d/
binance,ARPAUSDT,history-store,2026-09-29T02:02:14Z,data/history/binance/manifest.json,https://data.binance.vision/data/spot/monthly/klines/ARPAUSDT/1d/
binance,ASTERUSDT,history-store,2026-09-29T02:02:14Z,data/history/binance/manifest.json,https://data.binance.vision/data/spot/monthly/klines/ASTERUSDT/1d/
binance,ASTRUSDT,history-store,2026-09-29T02:02:14Z,data/history/binance/manifest.json,https://data.binance.vision/data/spot/monthly/klines/ASTRUSDT/1d/
binance,ATOMUSDT,history-store,2026-09-29T02:02:14Z,data/history/binance/manifest.json,https://data.binance.vision/data/spot/monthly/klines/ATOMUSDT/1d/
binance,AUSDT,history-store,2026-09-29T02:02:14Z,data/history/binance/manifest.json,https://data.binance.vision/data/spot/monthly/klines/AUSDT/1d/
binance,AVNTUSDT,history-store,2026-09-29T02:02:14Z,data/history/binance/manifest.json,https://data.binance.vision/data/spot/monthly/klines/AVNTUSDT/1d/
binance,AVTUSDT,history-store,2026-09-29T02:02:14Z,data/history/binance/manifest.json,https://data.binance.vision/data/spot/monthly/klines/AVTUSDT/1d/
binance,AXSUSDT,history-store,2026-09-29T02:02:14Z,data/history/binance/manifest.json,https://data.binance.vision/data/spot/monthly/klines/AXSUSDT/1d/
binance,BAKEUSDT,history-store,2026-09-29T02:02:14Z,data/history/binance/manifest.json,https://data.binance.vision/data/spot/monthly/klines/BAKEUSDT/1d/
binance,BANDUSDT,history-store,2026-09-29T02:02:14Z,data/history/binance/manifest.json,https://data.binance.vision/data/spot/monthly/klines/BANDUSDT/1d/
binance,BARDUSDT,history-store,2026-09-29T02:02:14Z,data/history/binance/manifest.json,https://data.binance.vision/data/spot/monthly/klines/BARDUSDT/1d/
binance,BCDUSDT,history-store,2026-09-29T02:02:14Z,data/history/binance/manifest.json,https://data.binance.vision/data/spot/monthly/klines/BCDUSDT/1d/
binance,BCNUSDT,history-store,2026-09-29T02:02:14Z,data/history/binance/manifest.json,https://data.binance.vision/data/spot/monthly/klines/BCNUSDT/1d/
binance,BCPTUSDT,history-store,2026-09-29T02:02:14Z,data/history/binance/manifest.json,https://data.binance.vision/data/spot/monthly/klines/BCPTUSDT/1d/
binance,BERAUSDT,history-store,2026-09-29T02:02:14Z,data/history/binance/manifest.json,https://data.binance.vision/data/spot/monthly/klines/BERAUSDT/1d/
binance,BGBUSDT,history-store,2026-09-29T02:02:14Z,data/history/binance/manifest.json,https://data.binance.vision/data/spot/monthly/klines/BGBUSDT/1d/
binance,BITUSDT,history-store,2026-09-29T02:02:14Z,data/history/binance/manifest.json,https://data.binance.vision/data/spot/monthly/klines/BITUSDT/1d/
binance,BLURUSDT,history-store,2026-09-29T02:02:14Z,data/history/binance/manifest.json,https://data.binance.vision/data/spot/monthly/klines/BLURUSDT/1d/
binance,BLZUSDT,history-store,2026-09-29T02:02:14Z,data/history/binance/manifest.json,https://data.binance.vision/data/spot/monthly/klines/BLZUSDT/1d/
binance,BNTUSDT,history-store,2026-09-29T02:02:14Z,data/history/binance/manifest.json,https://data.binance.vision/data/spot/monthly/klines/BNTUSDT/1d/
binance,BOMEUSDT,history-store,2026-09-29T02:02:14Z,data/history/binance/manifest.json,https://data.binance.vision/data/spot/monthly/klines/BOMEUSDT/1d/
binance,BONKUSDT,history-store,2026-09-29T02:02:14Z,data/history/binance/manifest.json,https://data.binance.vision/data/spot/monthly/klines/BONKUSDT/1d/
binance,BTSUSDT,history-store,2026-09-29T02:02:14Z,data/history/binance/manifest.json,https://data.binance.vision/data/spot/monthly/klines/BTSUSDT/1d/
binance,BTTCUSDT,history-store,2026-09-29T02:02:14Z,data/history/binance/manifest.json,https://data.binance.vision/data/spot/monthly/klines/BTTCUSDT/1d/
binance,BTTUSDT,history-store,2026-09-29T02:02:14Z,data/history/binance/manifest.json,https://data.binance.vision/data/spot/monthly/klines/BTTUSDT/1d/
binance,CAKEUSDT,history-store,2026-09-29T02:02:14Z,data/history/binance/manifest.json,https://data.binance.vision/data/spot/monthly/klines/CAKEUSDT/1d/
binance,CELRUSDT,history-store,2026-09-29T02:02:14Z,data/history/binance/manifest.json,https://data.binance.vision/data/spot/monthly/klines/CELRUSDT/1d/
binance,CFXUSDT,history-store,2026-09-29T02:02:14Z,data/history/binance/manifest.json,https://data.binance.vision/data/spot/monthly/klines/CFXUSDT/1d/
binance,CHZUSDT,history-store,2026-09-29T02:02:14Z,data/history/binance/manifest.json,https://data.binance.vision/data/spot/monthly/klines/CHZUSDT/1d/
binance,CMTUSDT,history-store,2026-09-29T02:02:14Z,data/history/binance/manifest.json,https://data.binance.vision/data/spot/monthly/klines/CMTUSDT/1d/
binance,CNDUSDT,history-store,2026-09-29T02:02:14Z,data/history/binance/manifest.json,https://data.binance.vision/data/spot/monthly/klines/CNDUSDT/1d/
binance,CRCUSDT,history-store,2026-09-29T02:02:14Z,data/history/binance/manifest.json,https://data.binance.vision/data/spot/monthly/klines/CRCUSDT/1d/
binance,CTCUSDT,history-store,2026-09-29T02:02:14Z,data/history/binance/manifest.json,https://data.binance.vision/data/spot/monthly/klines/CTCUSDT/1d/
binance,CTXCUSDT,history-store,2026-09-29T02:02:14Z,data/history/binance/manifest.json,https://data.binance.vision/data/spot/monthly/klines/CTXCUSDT/1d/
binance,DENTUSDT,history-store,2026-09-29T02:02:14Z,data/history/binance/manifest.json,https://data.binance.vision/data/spot/monthly/klines/DENTUSDT/1d/
binance,DGDUSDT,history-store,2026-09-29T02:02:14Z,data/history/binance/manifest.json,https://data.binance.vision/data/spot/monthly/klines/DGDUSDT/1d/
binance,DNTUSDT,history-store,2026-09-29T02:02:14Z,data/history/binance/manifest.json,https://data.binance.vision/data/spot/monthly/klines/DNTUSDT/1d/
binance,DOCKUSDT,history-store,2026-09-29T02:02:14Z,data/history/binance/manifest.json,https://data.binance.vision/data/spot/monthly/klines/DOCKUSDT/1d/
binance,DOGSUSDT,history-store,2026-09-29T02:02:14Z,data/history/binance/manifest.json,https://data.binance.vision/data/spot/monthly/klines/DOGSUSDT/1d/
binance,DOPUSDT,history-store,2026-09-29T02:02:14Z,data/history/binance/manifest.json,https://data.binance.vision/data/spot/monthly/klines/DOPUSDT/1d/
binance,DUSKUSDT,history-store,2026-09-29T02:02:14Z,data/history/binance/manifest.json,https://data.binance.vision/data/spot/monthly/klines/DUSKUSDT/1d/
binance,DYDXUSDT,history-store,2026-09-29T02:02:14Z,data/history/binance/manifest.json,https://data.binance.vision/data/spot/monthly/klines/DYDXUSDT/1d/
binance,EDUUSDT,history-store,2026-09-29T02:02:14Z,data/history/binance/manifest.json,https://data.binance.vision/data/spot/monthly/klines/EDUUSDT/1d/
binance,EGLDUSDT,history-store,2026-09-29T02:02:14Z,data/history/binance/manifest.json,https://data.binance.vision/data/spot/monthly/klines/EGLDUSDT/1d/
binance,EIGENUSDT,history-store,2026-09-29T02:02:14Z,data/history/binance/manifest.json,https://data.binance.vision/data/spot/monthly/klines/EIGENUSDT/1d/
binance,ENAUSDT,history-store,2026-09-29T02:02:14Z,data/history/binance/manifest.json,https://data.binance.vision/data/spot/monthly/klines/ENAUSDT/1d/
binance,ENGUSDT,history-store,2026-09-29T02:02:14Z,data/history/binance/manifest.json,https://data.binance.vision/data/spot/monthly/klines/ENGUSDT/1d/
binance,ENJUSDT,history-store,2026-09-29T02:02:14Z,data/history/binance/manifest.json,https://data.binance.vision/data/spot/monthly/klines/ENJUSDT/1d/
binance,ENSOUSDT,history-store,2026-09-29T02:02:14Z,data/history/binance/manifest.json,https://data.binance.vision/data/spot/monthly/klines/ENSOUSDT/1d/
binance,ENSUSDT,history-store,2026-09-29T02:02:14Z,data/history/binance/manifest.json,https://data.binance.vision/data/spot/monthly/klines/ENSUSDT/1d/
binance,ETHFIUSDT,history-store,2026-09-29T02:02:14Z,data/history/binance/manifest.json,https://data.binance.vision/data/spot/monthly/klines/ETHFIUSDT/1d/
binance,ETHOSUSDT,history-store,2026-09-29T02:02:14Z,data/history/binance/manifest.json,https://data.binance.vision/data/spot/monthly/klines/ETHOSUSDT/1d/
binance,ETHWUSDT,history-store,2026-09-29T02:02:14Z,data/history/binance/manifest.json,https://data.binance.vision/data/spot/monthly/klines/ETHWUSDT/1d/
binance,ETPUSDT,history-store,2026-09-29T02:02:14Z,data/history/binance/manifest.json,https://data.binance.vision/data/spot/monthly/klines/ETPUSDT/1d/
binance,FARTCOINUSDT,history-store,2026-09-29T02:02:14Z,data/history/binance/manifest.json,https://data.binance.vision/data/spot/monthly/klines/FARTCOINUSDT/1d/
binance,FCTUSDT,history-store,2026-09-29T02:02:14Z,data/history/binance/manifest.json,https://data.binance.vision/data/spot/monthly/klines/FCTUSDT/1d/
binance,FETUSDT,history-store,2026-09-29T02:02:14Z,data/history/binance/manifest.json,https://data.binance.vision/data/spot/monthly/klines/FETUSDT/1d/
binance,FILUSDT,history-store,2026-09-29T02:02:14Z,data/history/binance/manifest.json,https://data.binance.vision/data/spot/monthly/klines/FILUSDT/1d/
binance,FLOKIUSDT,history-store,2026-09-29T02:02:14Z,data/history/binance/manifest.json,https://data.binance.vision/data/spot/monthly/klines/FLOKIUSDT/1d/
binance,FTMUSDT,history-store,2026-09-29T02:02:14Z,data/history/binance/manifest.json,https://data.binance.vision/data/spot/monthly/klines/FTMUSDT/1d/
binance,FTNUSDT,history-store,2026-09-29T02:02:14Z,data/history/binance/manifest.json,https://data.binance.vision/data/spot/monthly/klines/FTNUSDT/1d/
binance,GALAUSDT,history-store,2026-09-29T02:02:14Z,data/history/binance/manifest.json,https://data.binance.vision/data/spot/monthly/klines/GALAUSDT/1d/
binance,GALUSDT,history-store,2026-09-29T02:02:14Z,data/history/binance/manifest.json,https://data.binance.vision/data/spot/monthly/klines/GALUSDT/1d/
binance,GHSTUSDT,history-store,2026-09-29T02:02:14Z,data/history/binance/manifest.json,https://data.binance.vision/data/spot/monthly/klines/GHSTUSDT/1d/
binance,GIGGLEUSDT,history-store,2026-09-29T02:02:14Z,data/history/binance/manifest.json,https://data.binance.vision/data/spot/monthly/klines/GIGGLEUSDT/1d/
binance,GMTUSDT,history-store,2026-09-29T02:02:14Z,data/history/binance/manifest.json,https://data.binance.vision/data/spot/monthly/klines/GMTUSDT/1d/
binance,GOATUSDT,history-store,2026-09-29T02:02:14Z,data/history/binance/manifest.json,https://data.binance.vision/data/spot/monthly/klines/GOATUSDT/1d/
binance,GRAMUSDT,history-store,2026-09-29T02:02:14Z,data/history/binance/manifest.json,https://data.binance.vision/data/spot/monthly/klines/GRAMUSDT/1d/
binance,GRSUSDT,history-store,2026-09-29T02:02:14Z,data/history/binance/manifest.json,https://data.binance.vision/data/spot/monthly/klines/GRSUSDT/1d/
binance,GRTUSDT,history-store,2026-09-29T02:02:14Z,data/history/binance/manifest.json,https://data.binance.vision/data/spot/monthly/klines/GRTUSDT/1d/
binance,GTCUSDT,history-store,2026-09-29T02:02:14Z,data/history/binance/manifest.json,https://data.binance.vision/data/spot/monthly/klines/GTCUSDT/1d/
binance,GTUSDT,history-store,2026-09-29T02:02:14Z,data/history/binance/manifest.json,https://data.binance.vision/data/spot/monthly/klines/GTUSDT/1d/
binance,GXSUSDT,history-store,2026-09-29T02:02:14Z,data/history/binance/manifest.json,https://data.binance.vision/data/spot/monthly/klines/GXSUSDT/1d/
binance,HBARUSDT,history-store,2026-09-29T02:02:14Z,data/history/binance/manifest.json,https://data.binance.vision/data/spot/monthly/klines/HBARUSDT/1d/
binance,HCUSDT,history-store,2026-09-29T02:02:14Z,data/history/binance/manifest.json,https://data.binance.vision/data/spot/monthly/klines/HCUSDT/1d/
binance,HFTUSDT,history-store,2026-09-29T02:02:14Z,data/history/binance/manifest.json,https://data.binance.vision/data/spot/monthly/klines/HFTUSDT/1d/
binance,HIFIUSDT,history-store,2026-09-29T02:02:14Z,data/history/binance/manifest.json,https://data.binance.vision/data/spot/monthly/klines/HIFIUSDT/1d/
binance,HOMEUSDT,history-store,2026-09-29T02:02:14Z,data/history/binance/manifest.json,https://data.binance.vision/data/spot/monthly/klines/HOMEUSDT/1d/
binance,HOOKUSDT,history-store,2026-09-29T02:02:14Z,data/history/binance/manifest.json,https://data.binance.vision/data/spot/monthly/klines/HOOKUSDT/1d/
binance,HOTUSDT,history-store,2026-09-29T02:02:14Z,data/history/binance/manifest.json,https://data.binance.vision/data/spot/monthly/klines/HOTUSDT/1d/
binance,HTXUSDT,history-store,2026-09-29T02:02:14Z,data/history/binance/manifest.json,https://data.binance.vision/data/spot/monthly/klines/HTXUSDT/1d/
binance,HUSDT,history-store,2026-09-29T02:02:14Z,data/history/binance/manifest.json,https://data.binance.vision/data/spot/monthly/klines/HUSDT/1d/
binance,HYPEUSDT,history-store,2026-09-29T02:02:14Z,data/history/binance/manifest.json,https://data.binance.vision/data/spot/monthly/klines/HYPEUSDT/1d/
binance,IDUSDT,history-store,2026-09-29T02:02:14Z,data/history/binance/manifest.json,https://data.binance.vision/data/spot/monthly/klines/IDUSDT/1d/
binance,IMXUSDT,history-store,2026-09-29T02:02:14Z,data/history/binance/manifest.json,https://data.binance.vision/data/spot/monthly/klines/IMXUSDT/1d/
binance,INITUSDT,history-store,2026-09-29T02:02:14Z,data/history/binance/manifest.json,https://data.binance.vision/data/spot/monthly/klines/INITUSDT/1d/
binance,INJUSDT,history-store,2026-09-29T02:02:14Z,data/history/binance/manifest.json,https://data.binance.vision/data/spot/monthly/klines/INJUSDT/1d/
binance,IOSTUSDT,history-store,2026-09-29T02:02:14Z,data/history/binance/manifest.json,https://data.binance.vision/data/spot/monthly/klines/IOSTUSDT/1d/
binance,IOUSDT,history-store,2026-09-29T02:02:14Z,data/history/binance/manifest.json,https://data.binance.vision/data/spot/monthly/klines/IOUSDT/1d/
binance,IPUSDT,history-store,2026-09-29T02:02:14Z,data/history/binance/manifest.json,https://data.binance.vision/data/spot/monthly/klines/IPUSDT/1d/
binance,IRRUSDT,history-store,2026-09-29T02:02:14Z,data/history/binance/manifest.json,https://data.binance.vision/data/spot/monthly/klines/IRRUSDT/1d/
binance,JASMYUSDT,history-store,2026-09-29T02:02:14Z,data/history/binance/manifest.json,https://data.binance.vision/data/spot/monthly/klines/JASMYUSDT/1d/
binance,JSTUSDT,history-store,2026-09-29T02:02:14Z,data/history/binance/manifest.json,https://data.binance.vision/data/spot/monthly/klines/JSTUSDT/1d/
binance,JTOUSDT,history-store,2026-09-29T02:02:14Z,data/history/binance/manifest.json,https://data.binance.vision/data/spot/monthly/klines/JTOUSDT/1d/
binance,JUPUSDT,history-store,2026-09-29T02:02:14Z,data/history/binance/manifest.json,https://data.binance.vision/data/spot/monthly/klines/JUPUSDT/1d/
binance,KAVAUSDT,history-store,2026-09-29T02:02:14Z,data/history/binance/manifest.json,https://data.binance.vision/data/spot/monthly/klines/KAVAUSDT/1d/
binance,KCSUSDT,history-store,2026-09-29T02:02:14Z,data/history/binance/manifest.json,https://data.binance.vision/data/spot/monthly/klines/KCSUSDT/1d/
binance,KEYUSDT,history-store,2026-09-29T02:02:14Z,data/history/binance/manifest.json,https://data.binance.vision/data/spot/monthly/klines/KEYUSDT/1d/
binance,KITEUSDT,history-store,2026-09-29T02:02:14Z,data/history/binance/manifest.json,https://data.binance.vision/data/spot/monthly/klines/KITEUSDT/1d/
binance,KMDUSDT,history-store,2026-09-29T02:02:14Z,data/history/binance/manifest.json,https://data.binance.vision/data/spot/monthly/klines/KMDUSDT/1d/
binance,KSMUSDT,history-store,2026-09-29T02:02:14Z,data/history/binance/manifest.json,https://data.binance.vision/data/spot/monthly/klines/KSMUSDT/1d/
binance,LABUSDT,history-store,2026-09-29T02:02:14Z,data/history/binance/manifest.json,https://data.binance.vision/data/spot/monthly/klines/LABUSDT/1d/
binance,LAMBUSDT,history-store,2026-09-29T02:02:14Z,data/history/binance/manifest.json,https://data.binance.vision/data/spot/monthly/klines/LAMBUSDT/1d/
binance,LAYERUSDT,history-store,2026-09-29T02:02:14Z,data/history/binance/manifest.json,https://data.binance.vision/data/spot/monthly/klines/LAYERUSDT/1d/
binance,LBCUSDT,history-store,2026-09-29T02:02:14Z,data/history/binance/manifest.json,https://data.binance.vision/data/spot/monthly/klines/LBCUSDT/1d/
binance,LINAUSDT,history-store,2026-09-29T02:02:14Z,data/history/binance/manifest.json,https://data.binance.vision/data/spot/monthly/klines/LINAUSDT/1d/
binance,LINEAUSDT,history-store,2026-09-29T02:02:14Z,data/history/binance/manifest.json,https://data.binance.vision/data/spot/monthly/klines/LINEAUSDT/1d/
binance,LITUSDT,history-store,2026-09-29T02:02:14Z,data/history/binance/manifest.json,https://data.binance.vision/data/spot/monthly/klines/LITUSDT/1d/
binance,LOOMUSDT,history-store,2026-09-29T02:02:14Z,data/history/binance/manifest.json,https://data.binance.vision/data/spot/monthly/klines/LOOMUSDT/1d/
binance,LQTYUSDT,history-store,2026-09-29T02:02:14Z,data/history/binance/manifest.json,https://data.binance.vision/data/spot/monthly/klines/LQTYUSDT/1d/
binance,LSKUSDT,history-store,2026-09-29T02:02:14Z,data/history/binance/manifest.json,https://data.binance.vision/data/spot/monthly/klines/LSKUSDT/1d/
binance,LUNA2USDT,history-store,2026-09-29T02:02:14Z,data/history/binance/manifest.json,https://data.binance.vision/data/spot/monthly/klines/LUNA2USDT/1d/
binance,LUNAUSDT,history-store,2026-09-29T02:02:14Z,data/history/binance/manifest.json,https://data.binance.vision/data/spot/monthly/klines/LUNAUSDT/1d/
binance,LUNUSDT,history-store,2026-09-29T02:02:14Z,data/history/binance/manifest.json,https://data.binance.vision/data/spot/monthly/klines/LUNUSDT/1d/
binance,LYMUSDT,history-store,2026-09-29T02:02:14Z,data/history/binance/manifest.json,https://data.binance.vision/data/spot/monthly/klines/LYMUSDT/1d/
binance,MAGICUSDT,history-store,2026-09-29T02:02:14Z,data/history/binance/manifest.json,https://data.binance.vision/data/spot/monthly/klines/MAGICUSDT/1d/
binance,MANTAUSDT,history-store,2026-09-29T02:02:14Z,data/history/binance/manifest.json,https://data.binance.vision/data/spot/monthly/klines/MANTAUSDT/1d/
binance,MASKUSDT,history-store,2026-09-29T02:02:14Z,data/history/binance/manifest.json,https://data.binance.vision/data/spot/monthly/klines/MASKUSDT/1d/
binance,MCOUSDT,history-store,2026-09-29T02:02:14Z,data/history/binance/manifest.json,https://data.binance.vision/data/spot/monthly/klines/MCOUSDT/1d/
binance,MDAUSDT,history-store,2026-09-29T02:02:14Z,data/history/binance/manifest.json,https://data.binance.vision/data/spot/monthly/klines/MDAUSDT/1d/
binance,MEGAUSDT,history-store,2026-09-29T02:02:14Z,data/history/binance/manifest.json,https://data.binance.vision/data/spot/monthly/klines/MEGAUSDT/1d/
binance,MEMEUSDT,history-store,2026-09-29T02:02:14Z,data/history/binance/manifest.json,https://data.binance.vision/data/spot/monthly/klines/MEMEUSDT/1d/
binance,MEWUSDT,history-store,2026-09-29T02:02:14Z,data/history/binance/manifest.json,https://data.binance.vision/data/spot/monthly/klines/MEWUSDT/1d/
binance,MFTUSDT,history-store,2026-09-29T02:02:14Z,data/history/binance/manifest.json,https://data.binance.vision/data/spot/monthly/klines/MFTUSDT/1d/
binance,MINAUSDT,history-store,2026-09-29T02:02:14Z,data/history/binance/manifest.json,https://data.binance.vision/data/spot/monthly/klines/MINAUSDT/1d/
binance,MIOTAUSDT,history-store,2026-09-29T02:02:14Z,data/history/binance/manifest.json,https://data.binance.vision/data/spot/monthly/klines/MIOTAUSDT/1d/
binance,MITHUSDT,history-store,2026-09-29T02:02:14Z,data/history/binance/manifest.json,https://data.binance.vision/data/spot/monthly/klines/MITHUSDT/1d/
binance,MLNUSDT,history-store,2026-09-29T02:02:14Z,data/history/binance/manifest.json,https://data.binance.vision/data/spot/monthly/klines/MLNUSDT/1d/
binance,MNTUSDT,history-store,2026-09-29T02:02:14Z,data/history/binance/manifest.json,https://data.binance.vision/data/spot/monthly/klines/MNTUSDT/1d/
binance,MOFUSDT,history-store,2026-09-29T02:02:14Z,data/history/binance/manifest.json,https://data.binance.vision/data/spot/monthly/klines/MOFUSDT/1d/
binance,MONAUSDT,history-store,2026-09-29T02:02:14Z,data/history/binance/manifest.json,https://data.binance.vision/data/spot/monthly/klines/MONAUSDT/1d/
binance,MONUSDT,history-store,2026-09-29T02:02:14Z,data/history/binance/manifest.json,https://data.binance.vision/data/spot/monthly/klines/MONUSDT/1d/
binance,MOODENGUSDT,history-store,2026-09-29T02:02:14Z,data/history/binance/manifest.json,https://data.binance.vision/data/spot/monthly/klines/MOODENGUSDT/1d/
binance,MOVEUSDT,history-store,2026-09-29T02:02:14Z,data/history/binance/manifest.json,https://data.binance.vision/data/spot/monthly/klines/MOVEUSDT/1d/
binance,MTLUSDT,history-store,2026-09-29T02:02:14Z,data/history/binance/manifest.json,https://data.binance.vision/data/spot/monthly/klines/MTLUSDT/1d/
binance,MXCUSDT,history-store,2026-09-29T02:02:14Z,data/history/binance/manifest.json,https://data.binance.vision/data/spot/monthly/klines/MXCUSDT/1d/
binance,NANOUSDT,history-store,2026-09-29T02:02:14Z,data/history/binance/manifest.json,https://data.binance.vision/data/spot/monthly/klines/NANOUSDT/1d/
binance,NAVUSDT,history-store,2026-09-29T02:02:14Z,data/history/binance/manifest.json,https://data.binance.vision/data/spot/monthly/klines/NAVUSDT/1d/
binance,NCASHUSDT,history-store,2026-09-29T02:02:14Z,data/history/binance/manifest.json,https://data.binance.vision/data/spot/monthly/klines/NCASHUSDT/1d/
binance,NEARUSDT,history-store,2026-09-29T02:02:14Z,data/history/binance/manifest.json,https://data.binance.vision/data/spot/monthly/klines/NEARUSDT/1d/
binance,NEIROCTOUSDT,history-store,2026-09-29T02:02:14Z,data/history/binance/manifest.json,https://data.binance.vision/data/spot/monthly/klines/NEIROCTOUSDT/1d/
binance,NEXOUSDT,history-store,2026-09-29T02:02:14Z,data/history/binance/manifest.json,https://data.binance.vision/data/spot/monthly/klines/NEXOUSDT/1d/
binance,NFTUSDT,history-store,2026-09-29T02:02:14Z,data/history/binance/manifest.json,https://data.binance.vision/data/spot/monthly/klines/NFTUSDT/1d/
binance,NOTUSDT,history-store,2026-09-29T02:02:14Z,data/history/binance/manifest.json,https://data.binance.vision/data/spot/monthly/klines/NOTUSDT/1d/
binance,NPXSUSDT,history-store,2026-09-29T02:02:14Z,data/history/binance/manifest.json,https://data.binance.vision/data/spot/monthly/klines/NPXSUSDT/1d/
binance,NULSUSDT,history-store,2026-09-29T02:02:14Z,data/history/binance/manifest.json,https://data.binance.vision/data/spot/monthly/klines/NULSUSDT/1d/
binance,NXTUSDT,history-store,2026-09-29T02:02:14Z,data/history/binance/manifest.json,https://data.binance.vision/data/spot/monthly/klines/NXTUSDT/1d/
binance,OAXUSDT,history-store,2026-09-29T02:02:14Z,data/history/binance/manifest.json,https://data.binance.vision/data/spot/monthly/klines/OAXUSDT/1d/
binance,OCNUSDT,history-store,2026-09-29T02:02:14Z,data/history/binance/manifest.json,https://data.binance.vision/data/spot/monthly/klines/OCNUSDT/1d/
binance,OKBUSDT,history-store,2026-09-29T02:02:14Z,data/history/binance/manifest.json,https://data.binance.vision/data/spot/monthly/klines/OKBUSDT/1d/
binance,OMRUSDT,history-store,2026-09-29T02:02:14Z,data/history/binance/manifest.json,https://data.binance.vision/data/spot/monthly/klines/OMRUSDT/1d/
binance,OMUSDT,history-store,2026-09-29T02:02:14Z,data/history/binance/manifest.json,https://data.binance.vision/data/spot/monthly/klines/OMUSDT/1d/
binance,ONDOUSDT,history-store,2026-09-29T02:02:14Z,data/history/binance/manifest.json,https://data.binance.vision/data/spot/monthly/klines/ONDOUSDT/1d/
binance,ONEUSDT,history-store,2026-09-29T02:02:14Z,data/history/binance/manifest.json,https://data.binance.vision/data/spot/monthly/klines/ONEUSDT/1d/
binance,ONTUSDT,history-store,2026-09-29T02:02:14Z,data/history/binance/manifest.json,https://data.binance.vision/data/spot/monthly/klines/ONTUSDT/1d/
binance,OPUSDT,history-store,2026-09-29T02:02:14Z,data/history/binance/manifest.json,https://data.binance.vision/data/spot/monthly/klines/OPUSDT/1d/
binance,ORDIUSDT,history-store,2026-09-29T02:02:14Z,data/history/binance/manifest.json,https://data.binance.vision/data/spot/monthly/klines/ORDIUSDT/1d/
binance,PABUSDT,history-store,2026-09-29T02:02:14Z,data/history/binance/manifest.json,https://data.binance.vision/data/spot/monthly/klines/PABUSDT/1d/
binance,PENGUUSDT,history-store,2026-09-29T02:02:14Z,data/history/binance/manifest.json,https://data.binance.vision/data/spot/monthly/klines/PENGUUSDT/1d/
binance,PEOPLEUSDT,history-store,2026-09-29T02:02:14Z,data/history/binance/manifest.json,https://data.binance.vision/data/spot/monthly/klines/PEOPLEUSDT/1d/
binance,PEPEUSDT,history-store,2026-09-29T02:02:14Z,data/history/binance/manifest.json,https://data.binance.vision/data/spot/monthly/klines/PEPEUSDT/1d/
binance,PHXUSDT,history-store,2026-09-29T02:02:14Z,data/history/binance/manifest.json,https://data.binance.vision/data/spot/monthly/klines/PHXUSDT/1d/
binance,PIUSDT,history-store,2026-09-29T02:02:14Z,data/history/binance/manifest.json,https://data.binance.vision/data/spot/monthly/klines/PIUSDT/1d/
binance,PNUTUSDT,history-store,2026-09-29T02:02:14Z,data/history/binance/manifest.json,https://data.binance.vision/data/spot/monthly/klines/PNUTUSDT/1d/
binance,POAUSDT,history-store,2026-09-29T02:02:14Z,data/history/binance/manifest.json,https://data.binance.vision/data/spot/monthly/klines/POAUSDT/1d/
binance,POPCATUSDT,history-store,2026-09-29T02:02:14Z,data/history/binance/manifest.json,https://data.binance.vision/data/spot/monthly/klines/POPCATUSDT/1d/
binance,PUMPUSDT,history-store,2026-09-29T02:02:14Z,data/history/binance/manifest.json,https://data.binance.vision/data/spot/monthly/klines/PUMPUSDT/1d/
binance,PYGUSDT,history-store,2026-09-29T02:02:14Z,data/history/binance/manifest.json,https://data.binance.vision/data/spot/monthly/klines/PYGUSDT/1d/
binance,PYTHUSDT,history-store,2026-09-29T02:02:14Z,data/history/binance/manifest.json,https://data.binance.vision/data/spot/monthly/klines/PYTHUSDT/1d/
binance,QKCUSDT,history-store,2026-09-29T02:02:14Z,data/history/binance/manifest.json,https://data.binance.vision/data/spot/monthly/klines/QKCUSDT/1d/
binance,QSPUSDT,history-store,2026-09-29T02:02:14Z,data/history/binance/manifest.json,https://data.binance.vision/data/spot/monthly/klines/QSPUSDT/1d/
binance,RCNUSDT,history-store,2026-09-29T02:02:14Z,data/history/binance/manifest.json,https://data.binance.vision/data/spot/monthly/klines/RCNUSDT/1d/
binance,RDNUSDT,history-store,2026-09-29T02:02:14Z,data/history/binance/manifest.json,https://data.binance.vision/data/spot/monthly/klines/RDNUSDT/1d/
binance,RENDERUSDT,history-store,2026-09-29T02:02:14Z,data/history/binance/manifest.json,https://data.binance.vision/data/spot/monthly/klines/RENDERUSDT/1d/
binance,REQUSDT,history-store,2026-09-29T02:02:14Z,data/history/binance/manifest.json,https://data.binance.vision/data/spot/monthly/klines/REQUSDT/1d/
binance,RLCUSDT,history-store,2026-09-29T02:02:14Z,data/history/binance/manifest.json,https://data.binance.vision/data/spot/monthly/klines/RLCUSDT/1d/
binance,RNDRUSDT,history-store,2026-09-29T02:02:14Z,data/history/binance/manifest.json,https://data.binance.vision/data/spot/monthly/klines/RNDRUSDT/1d/
binance,ROSEUSDT,history-store,2026-09-29T02:02:14Z,data/history/binance/manifest.json,https://data.binance.vision/data/spot/monthly/klines/ROSEUSDT/1d/
binance,RSRUSDT,history-store,2026-09-29T02:02:14Z,data/history/binance/manifest.json,https://data.binance.vision/data/spot/monthly/klines/RSRUSDT/1d/
binance,RUNEUSDT,history-store,2026-09-29T02:02:14Z,data/history/binance/manifest.json,https://data.binance.vision/data/spot/monthly/klines/RUNEUSDT/1d/
binance,RVNUSDT,history-store,2026-09-29T02:02:14Z,data/history/binance/manifest.json,https://data.binance.vision/data/spot/monthly/klines/RVNUSDT/1d/
binance,SAHARAUSDT,history-store,2026-09-29T02:02:14Z,data/history/binance/manifest.json,https://data.binance.vision/data/spot/monthly/klines/SAHARAUSDT/1d/
binance,SANDUSDT,history-store,2026-09-29T02:02:14Z,data/history/binance/manifest.json,https://data.binance.vision/data/spot/monthly/klines/SANDUSDT/1d/
binance,SANTOSUSDT,history-store,2026-09-29T02:02:14Z,data/history/binance/manifest.json,https://data.binance.vision/data/spot/monthly/klines/SANTOSUSDT/1d/
binance,SCUSDT,history-store,2026-09-29T02:02:14Z,data/history/binance/manifest.json,https://data.binance.vision/data/spot/monthly/klines/SCUSDT/1d/
binance,SEELEUSDT,history-store,2026-09-29T02:02:14Z,data/history/binance/manifest.json,https://data.binance.vision/data/spot/monthly/klines/SEELEUSDT/1d/
binance,SEIUSDT,history-store,2026-09-29T02:02:14Z,data/history/binance/manifest.json,https://data.binance.vision/data/spot/monthly/klines/SEIUSDT/1d/
binance,SLPUSDT,history-store,2026-09-29T02:02:14Z,data/history/binance/manifest.json,https://data.binance.vision/data/spot/monthly/klines/SLPUSDT/1d/
binance,SLXUSDT,history-store,2026-09-29T02:02:14Z,data/history/binance/manifest.json,https://data.binance.vision/data/spot/monthly/klines/SLXUSDT/1d/
binance,SNGLSUSDT,history-store,2026-09-29T02:02:14Z,data/history/binance/manifest.json,https://data.binance.vision/data/spot/monthly/klines/SNGLSUSDT/1d/
binance,SOLUSDT,history-store,2026-09-29T02:02:14Z,data/history/binance/manifest.json,https://data.binance.vision/data/spot/monthly/klines/SOLUSDT/1d/
binance,STEEMUSDT,history-store,2026-09-29T02:02:14Z,data/history/binance/manifest.json,https://data.binance.vision/data/spot/monthly/klines/STEEMUSDT/1d/
binance,STMXUSDT,history-store,2026-09-29T02:02:14Z,data/history/binance/manifest.json,https://data.binance.vision/data/spot/monthly/klines/STMXUSDT/1d/
binance,STORJUSDT,history-store,2026-09-29T02:02:14Z,data/history/binance/manifest.json,https://data.binance.vision/data/spot/monthly/klines/STORJUSDT/1d/
binance,STRATUSDT,history-store,2026-09-29T02:02:14Z,data/history/binance/manifest.json,https://data.binance.vision/data/spot/monthly/klines/STRATUSDT/1d/
binance,STRAXUSDT,history-store,2026-09-29T02:02:14Z,data/history/binance/manifest.json,https://data.binance.vision/data/spot/monthly/klines/STRAXUSDT/1d/
binance,STRKUSDT,history-store,2026-09-29T02:02:14Z,data/history/binance/manifest.json,https://data.binance.vision/data/spot/monthly/klines/STRKUSDT/1d/
binance,STXUSDT,history-store,2026-09-29T02:02:14Z,data/history/binance/manifest.json,https://data.binance.vision/data/spot/monthly/klines/STXUSDT/1d/
binance,SUIUSDT,history-store,2026-09-29T02:02:14Z,data/history/binance/manifest.json,https://data.binance.vision/data/spot/monthly/klines/SUIUSDT/1d/
binance,SUNDOGUSDT,history-store,2026-09-29T02:02:14Z,data/history/binance/manifest.json,https://data.binance.vision/data/spot/monthly/klines/SUNDOGUSDT/1d/
binance,SUNUSDT,history-store,2026-09-29T02:02:14Z,data/history/binance/manifest.json,https://data.binance.vision/data/spot/monthly/klines/SUNUSDT/1d/
binance,SUSDT,history-store,2026-09-29T02:02:14Z,data/history/binance/manifest.json,https://data.binance.vision/data/spot/monthly/klines/SUSDT/1d/
binance,SWFTCUSDT,history-store,2026-09-29T02:02:14Z,data/history/binance/manifest.json,https://data.binance.vision/data/spot/monthly/klines/SWFTCUSDT/1d/
binance,SXPUSDT,history-store,2026-09-29T02:02:14Z,data/history/binance/manifest.json,https://data.binance.vision/data/spot/monthly/klines/SXPUSDT/1d/
binance,SYRUPUSDT,history-store,2026-09-29T02:02:14Z,data/history/binance/manifest.json,https://data.binance.vision/data/spot/monthly/klines/SYRUPUSDT/1d/
binance,SYSUSDT,history-store,2026-09-29T02:02:14Z,data/history/binance/manifest.json,https://data.binance.vision/data/spot/monthly/klines/SYSUSDT/1d/
binance,TAOUSDT,history-store,2026-09-29T02:02:14Z,data/history/binance/manifest.json,https://data.binance.vision/data/spot/monthly/klines/TAOUSDT/1d/
binance,THETAUSDT,history-store,2026-09-29T02:02:14Z,data/history/binance/manifest.json,https://data.binance.vision/data/spot/monthly/klines/THETAUSDT/1d/
binance,TIAUSDT,history-store,2026-09-29T02:02:14Z,data/history/binance/manifest.json,https://data.binance.vision/data/spot/monthly/klines/TIAUSDT/1d/
binance,TLMUSDT,history-store,2026-09-29T02:02:14Z,data/history/binance/manifest.json,https://data.binance.vision/data/spot/monthly/klines/TLMUSDT/1d/
binance,TMTGUSDT,history-store,2026-09-29T02:02:14Z,data/history/binance/manifest.json,https://data.binance.vision/data/spot/monthly/klines/TMTGUSDT/1d/
binance,TNBUSDT,history-store,2026-09-29T02:02:14Z,data/history/binance/manifest.json,https://data.binance.vision/data/spot/monthly/klines/TNBUSDT/1d/
binance,TNTUSDT,history-store,2026-09-29T02:02:14Z,data/history/binance/manifest.json,https://data.binance.vision/data/spot/monthly/klines/TNTUSDT/1d/
binance,TOMIUSDT,history-store,2026-09-29T02:02:14Z,data/history/binance/manifest.json,https://data.binance.vision/data/spot/monthly/klines/TOMIUSDT/1d/
binance,TOMOUSDT,history-store,2026-09-29T02:02:14Z,data/history/binance/manifest.json,https://data.binance.vision/data/spot/monthly/klines/TOMOUSDT/1d/
binance,TRBUSDT,history-store,2026-09-29T02:02:14Z,data/history/binance/manifest.json,https://data.binance.vision/data/spot/monthly/klines/TRBUSDT/1d/
binance,TRUMPUSDT,history-store,2026-09-29T02:02:14Z,data/history/binance/manifest.json,https://data.binance.vision/data/spot/monthly/klines/TRUMPUSDT/1d/
binance,TURBOUSDT,history-store,2026-09-29T02:02:14Z,data/history/binance/manifest.json,https://data.binance.vision/data/spot/monthly/klines/TURBOUSDT/1d/
binance,TWTUSDT,history-store,2026-09-29T02:02:14Z,data/history/binance/manifest.json,https://data.binance.vision/data/spot/monthly/klines/TWTUSDT/1d/
binance,UBTCUSDT,history-store,2026-09-29T02:02:14Z,data/history/binance/manifest.json,https://data.binance.vision/data/spot/monthly/klines/UBTCUSDT/1d/
binance,UXLINKUSDT,history-store,2026-09-29T02:02:14Z,data/history/binance/manifest.json,https://data.binance.vision/data/spot/monthly/klines/UXLINKUSDT/1d/
binance,VIAUSDT,history-store,2026-09-29T02:02:14Z,data/history/binance/manifest.json,https://data.binance.vision/data/spot/monthly/klines/VIAUSDT/1d/
binance,VIRTUALUSDT,history-store,2026-09-29T02:02:14Z,data/history/binance/manifest.json,https://data.binance.vision/data/spot/monthly/klines/VIRTUALUSDT/1d/
binance,VVVUSDT,history-store,2026-09-29T02:02:14Z,data/history/binance/manifest.json,https://data.binance.vision/data/spot/monthly/klines/VVVUSDT/1d/
binance,WANUSDT,history-store,2026-09-29T02:02:14Z,data/history/binance/manifest.json,https://data.binance.vision/data/spot/monthly/klines/WANUSDT/1d/
binance,WAVESUSDT,history-store,2026-09-29T02:02:14Z,data/history/binance/manifest.json,https://data.binance.vision/data/spot/monthly/klines/WAVESUSDT/1d/
binance,WEMIXUSDT,history-store,2026-09-29T02:02:14Z,data/history/binance/manifest.json,https://data.binance.vision/data/spot/monthly/klines/WEMIXUSDT/1d/
binance,WIFUSDT,history-store,2026-09-29T02:02:14Z,data/history/binance/manifest.json,https://data.binance.vision/data/spot/monthly/klines/WIFUSDT/1d/
binance,WINUSDT,history-store,2026-09-29T02:02:14Z,data/history/binance/manifest.json,https://data.binance.vision/data/spot/monthly/klines/WINUSDT/1d/
binance,WLDUSDT,history-store,2026-09-29T02:02:14Z,data/history/binance/manifest.json,https://data.binance.vision/data/spot/monthly/klines/WLDUSDT/1d/
binance,WLFIUSDT,history-store,2026-09-29T02:02:14Z,data/history/binance/manifest.json,https://data.binance.vision/data/spot/monthly/klines/WLFIUSDT/1d/
binance,WRXUSDT,history-store,2026-09-29T02:02:14Z,data/history/binance/manifest.json,https://data.binance.vision/data/spot/monthly/klines/WRXUSDT/1d/
binance,WUSDT,history-store,2026-09-29T02:02:14Z,data/history/binance/manifest.json,https://data.binance.vision/data/spot/monthly/klines/WUSDT/1d/
binance,XPLUSDT,history-store,2026-09-29T02:02:14Z,data/history/binance/manifest.json,https://data.binance.vision/data/spot/monthly/klines/XPLUSDT/1d/
binance,YFIIUSDT,history-store,2026-09-29T02:02:14Z,data/history/binance/manifest.json,https://data.binance.vision/data/spot/monthly/klines/YFIIUSDT/1d/
binance,YOYOWUSDT,history-store,2026-09-29T02:02:14Z,data/history/binance/manifest.json,https://data.binance.vision/data/spot/monthly/klines/YOYOWUSDT/1d/
binance,ZBUSDT,history-store,2026-09-29T02:02:14Z,data/history/binance/manifest.json,https://data.binance.vision/data/spot/monthly/klines/ZBUSDT/1d/
binance,ZENUSDT,history-store,2026-09-29T02:02:14Z,data/history/binance/manifest.json,https://data.binance.vision/data/spot/monthly/klines/ZENUSDT/1d/
binance,ZROUSDT,history-store,2026-09-29T02:02:14Z,data/history/binance/manifest.json,https://data.binance.vision/data/spot/monthly/klines/ZROUSDT/1d/
